topology,eps,seed,N,mean_degree,n_clusters,n_eff,largest_frac,steps
complete,0.17,0,200,8,2,1.8910741301059,0.62,8
complete,0.18,0,200,8,2,1.9992003198720512,0.51,8
complete,0.19,0,200,8,2,1.9982016185433111,0.515,7
complete,0.2,0,200,8,1,1.0,1.0,21
complete,0.21,0,200,8,1,1.0,1.0,13
complete,0.22,0,200,8,1,1.0,1.0,9
complete,0.23,0,200,8,1,1.0,1.0,7
complete,0.24,0,200,8,1,1.0,1.0,6
complete,0.25,0,200,8,1,1.0,1.0,6
complete,0.26,0,200,8,1,1.0,1.0,6
complete,0.27,0,200,8,1,1.0,1.0,5
complete,0.28,0,200,8,1,1.0,1.0,5
complete,0.29,0,200,8,1,1.0,1.0,5
complete,0.3,0,200,8,1,1.0,1.0,5
complete,0.31,0,200,8,1,1.0,1.0,5
complete,0.32,0,200,8,1,1.0,1.0,5
complete,0.33,0,200,8,1,1.0,1.0,4
complete,0.34,0,200,8,1,1.0,1.0,4
complete,0.35,0,200,8,1,1.0,1.0,4
complete,0.17,1,200,8,2,1.8823529411764706,0.625,7
complete,0.18,1,200,8,2,1.9076688286913392,0.61,7
complete,0.19,1,200,8,2,1.9372336303758233,0.59,7
complete,0.2,1,200,8,2,1.9372336303758233,0.59,6
complete,0.21,1,200,8,2,1.943823500826125,0.585,6
complete,0.22,1,200,8,2,1.9559902200488999,0.575,7
complete,0.23,1,200,8,2,1.9615535504119266,0.57,6
complete,0.24,1,200,8,1,1.0,1.0,19
complete,0.25,1,200,8,1,1.0,1.0,12
complete,0.26,1,200,8,1,1.0,1.0,7
complete,0.27,1,200,8,1,1.0,1.0,6
complete,0.28,1,200,8,1,1.0,1.0,6
complete,0.29,1,200,8,1,1.0,1.0,6
complete,0.3,1,200,8,1,1.0,1.0,5
complete,0.31,1,200,8,1,1.0,1.0,5
complete,0.32,1,200,8,1,1.0,1.0,5
complete,0.33,1,200,8,1,1.0,1.0,5
complete,0.34,1,200,8,1,1.0,1.0,5
complete,0.35,1,200,8,1,1.0,1.0,4
complete,0.17,2,200,8,3,1.9886646117132345,0.56,7
complete,0.18,2,200,8,2,1.9716088328075707,0.56,7
complete,0.19,2,200,8,2,1.9667617268167963,0.565,7
complete,0.2,2,200,8,2,1.9716088328075707,0.56,7
complete,0.21,2,200,8,2,1.9716088328075707,0.56,6
complete,0.22,2,200,8,2,1.9667617268167963,0.565,6
complete,0.23,2,200,8,2,1.9615535504119266,0.57,7
complete,0.24,2,200,8,1,1.0,1.0,55
complete,0.25,2,200,8,2,1.9716088328075707,0.56,6
complete,0.26,2,200,8,1,1.0,1.0,41
complete,0.27,2,200,8,1,1.0,1.0,12
complete,0.28,2,200,8,1,1.0,1.0,7
complete,0.29,2,200,8,1,1.0,1.0,6
complete,0.3,2,200,8,1,1.0,1.0,6
complete,0.31,2,200,8,1,1.0,1.0,5
complete,0.32,2,200,8,1,1.0,1.0,5
complete,0.33,2,200,8,1,1.0,1.0,5
complete,0.34,2,200,8,1,1.0,1.0,5
complete,0.35,2,200,8,1,1.0,1.0,5
complete,0.17,3,200,8,2,1.8348623853211008,0.65,7
complete,0.18,3,200,8,2,1.9076688286913392,0.61,7
complete,0.19,3,200,8,2,1.9076688286913392,0.61,7
complete,0.2,3,200,8,2,1.923076923076923,0.6,6
complete,0.21,3,200,8,2,1.923076923076923,0.6,6
complete,0.22,3,200,8,2,1.923076923076923,0.6,6
complete,0.23,3,200,8,1,1.0,1.0,28
complete,0.24,3,200,8,1,1.0,1.0,24
complete,0.25,3,200,8,1,1.0,1.0,9
complete,0.26,3,200,8,1,1.0,1.0,7
complete,0.27,3,200,8,1,1.0,1.0,6
complete,0.28,3,200,8,1,1.0,1.0,6
complete,0.29,3,200,8,1,1.0,1.0,6
complete,0.3,3,200,8,1,1.0,1.0,5
complete,0.31,3,200,8,1,1.0,1.0,5
complete,0.32,3,200,8,1,1.0,1.0,5
complete,0.33,3,200,8,1,1.0,1.0,5
complete,0.34,3,200,8,1,1.0,1.0,5
complete,0.35,3,200,8,1,1.0,1.0,4
complete,0.17,4,200,8,2,1.7705382436260622,0.68,8
complete,0.18,4,200,8,2,1.7817371937639197,0.675,7
complete,0.19,4,200,8,2,1.7817371937639197,0.675,7
complete,0.2,4,200,8,2,1.7927572606669055,0.67,6
complete,0.21,4,200,8,2,1.8035891423933625,0.665,7
complete,0.22,4,200,8,1,1.0,1.0,33
complete,0.23,4,200,8,1,1.0,1.0,7
complete,0.24,4,200,8,1,1.0,1.0,7
complete,0.25,4,200,8,1,1.0,1.0,6
complete,0.26,4,200,8,1,1.0,1.0,6
complete,0.27,4,200,8,1,1.0,1.0,6
complete,0.28,4,200,8,1,1.0,1.0,5
complete,0.29,4,200,8,1,1.0,1.0,5
complete,0.3,4,200,8,1,1.0,1.0,5
complete,0.31,4,200,8,1,1.0,1.0,5
complete,0.32,4,200,8,1,1.0,1.0,5
complete,0.33,4,200,8,1,1.0,1.0,5
complete,0.34,4,200,8,1,1.0,1.0,4
complete,0.35,4,200,8,1,1.0,1.0,4
complete,0.17,5,200,8,3,2.9704440813901676,0.38,6
complete,0.18,5,200,8,3,2.981514609421586,0.37,6
complete,0.19,5,200,8,2,1.7927572606669055,0.67,10
complete,0.2,5,200,8,2,1.8733608092918694,0.63,9
complete,0.21,5,200,8,2,1.9155253328225266,0.605,8
complete,0.22,5,200,8,1,1.0,1.0,11
complete,0.23,5,200,8,1,1.0,1.0,10
complete,0.24,5,200,8,1,1.0,1.0,8
complete,0.25,5,200,8,1,1.0,1.0,7
complete,0.26,5,200,8,1,1.0,1.0,7
complete,0.27,5,200,8,1,1.0,1.0,6
complete,0.28,5,200,8,1,1.0,1.0,6
complete,0.29,5,200,8,1,1.0,1.0,6
complete,0.3,5,200,8,1,1.0,1.0,5
complete,0.31,5,200,8,1,1.0,1.0,5
complete,0.32,5,200,8,1,1.0,1.0,5
complete,0.33,5,200,8,1,1.0,1.0,5
complete,0.34,5,200,8,1,1.0,1.0,5
complete,0.35,5,200,8,1,1.0,1.0,5
complete,0.17,6,200,8,2,1.7817371937639197,0.675,8
complete,0.18,6,200,8,2,1.7817371937639197,0.675,8
complete,0.19,6,200,8,2,1.8545994065281899,0.64,7
complete,0.2,6,200,8,2,1.8641066268990587,0.635,8
complete,0.21,6,200,8,2,1.8823529411764706,0.625,7
complete,0.22,6,200,8,2,1.8910741301059,0.62,7
complete,0.23,6,200,8,1,1.0,1.0,51
complete,0.24,6,200,8,1,1.0,1.0,25
complete,0.25,6,200,8,1,1.0,1.0,11
complete,0.26,6,200,8,1,1.0,1.0,8
complete,0.27,6,200,8,1,1.0,1.0,7
complete,0.28,6,200,8,1,1.0,1.0,6
complete,0.29,6,200,8,1,1.0,1.0,6
complete,0.3,6,200,8,1,1.0,1.0,6
complete,0.31,6,200,8,1,1.0,1.0,5
complete,0.32,6,200,8,1,1.0,1.0,5
complete,0.33,6,200,8,1,1.0,1.0,5
complete,0.34,6,200,8,1,1.0,1.0,5
complete,0.35,6,200,8,1,1.0,1.0,5
complete,0.17,7,200,8,2,1.675603217158177,0.72,8
complete,0.18,7,200,8,2,1.7705382436260622,0.68,7
complete,0.19,7,200,8,2,1.7817371937639197,0.675,7
complete,0.2,7,200,8,2,1.7927572606669055,0.67,8
complete,0.21,7,200,8,2,1.8545994065281899,0.64,7
complete,0.22,7,200,8,1,1.0,1.0,44
complete,0.23,7,200,8,1,1.0,1.0,15
complete,0.24,7,200,8,1,1.0,1.0,7
complete,0.25,7,200,8,1,1.0,1.0,6
complete,0.26,7,200,8,1,1.0,1.0,6
complete,0.27,7,200,8,1,1.0,1.0,6
complete,0.28,7,200,8,1,1.0,1.0,5
complete,0.29,7,200,8,1,1.0,1.0,5
complete,0.3,7,200,8,1,1.0,1.0,5
complete,0.31,7,200,8,1,1.0,1.0,5
complete,0.32,7,200,8,1,1.0,1.0,5
complete,0.33,7,200,8,1,1.0,1.0,5
complete,0.34,7,200,8,1,1.0,1.0,5
complete,0.35,7,200,8,1,1.0,1.0,4
complete,0.17,8,200,8,3,2.051071684955389,0.605,7
complete,0.18,8,200,8,2,1.8246510354894625,0.655,7
complete,0.19,8,200,8,2,1.8246510354894625,0.655,6
complete,0.2,8,200,8,2,1.8448482612305137,0.645,7
complete,0.21,8,200,8,3,1.9357336430507164,0.61,6
complete,0.22,8,200,8,2,1.9076688286913392,0.61,6
complete,0.23,8,200,8,2,1.8995156235160036,0.615,6
complete,0.24,8,200,8,2,1.9076688286913392,0.61,5
complete,0.25,8,200,8,2,1.9155253328225266,0.605,5
complete,0.26,8,200,8,1,1.0,1.0,29
complete,0.27,8,200,8,2,1.9372336303758233,0.59,6
complete,0.28,8,200,8,1,1.0,1.0,18
complete,0.29,8,200,8,1,1.0,1.0,11
complete,0.3,8,200,8,1,1.0,1.0,8
complete,0.31,8,200,8,1,1.0,1.0,6
complete,0.32,8,200,8,1,1.0,1.0,6
complete,0.33,8,200,8,1,1.0,1.0,5
complete,0.34,8,200,8,1,1.0,1.0,5
complete,0.35,8,200,8,1,1.0,1.0,5
complete,0.17,9,200,8,3,2.93728888236158,0.4,7
complete,0.18,9,200,8,3,2.955519432540269,0.385,7
complete,0.19,9,200,8,2,1.8823529411764706,0.625,11
complete,0.2,9,200,8,2,1.943823500826125,0.585,10
complete,0.21,9,200,8,1,1.0,1.0,34
complete,0.22,9,200,8,1,1.0,1.0,12
complete,0.23,9,200,8,1,1.0,1.0,9
complete,0.24,9,200,8,1,1.0,1.0,8
complete,0.25,9,200,8,1,1.0,1.0,7
complete,0.26,9,200,8,1,1.0,1.0,6
complete,0.27,9,200,8,1,1.0,1.0,6
complete,0.28,9,200,8,1,1.0,1.0,6
complete,0.29,9,200,8,1,1.0,1.0,5
complete,0.3,9,200,8,1,1.0,1.0,5
complete,0.31,9,200,8,1,1.0,1.0,5
complete,0.32,9,200,8,1,1.0,1.0,5
complete,0.33,9,200,8,1,1.0,1.0,5
complete,0.34,9,200,8,1,1.0,1.0,5
complete,0.35,9,200,8,1,1.0,1.0,5
complete,0.17,10,200,8,3,2.814126917123963,0.415,7
complete,0.18,10,200,8,2,1.943823500826125,0.585,13
complete,0.19,10,200,8,2,1.943823500826125,0.585,8
complete,0.2,10,200,8,2,1.943823500826125,0.585,8
complete,0.21,10,200,8,1,1.0,1.0,47
complete,0.22,10,200,8,1,1.0,1.0,9
complete,0.23,10,200,8,1,1.0,1.0,8
complete,0.24,10,200,8,1,1.0,1.0,7
complete,0.25,10,200,8,1,1.0,1.0,7
complete,0.26,10,200,8,1,1.0,1.0,6
complete,0.27,10,200,8,1,1.0,1.0,6
complete,0.28,10,200,8,1,1.0,1.0,6
complete,0.29,10,200,8,1,1.0,1.0,5
complete,0.3,10,200,8,1,1.0,1.0,5
complete,0.31,10,200,8,1,1.0,1.0,5
complete,0.32,10,200,8,1,1.0,1.0,5
complete,0.33,10,200,8,1,1.0,1.0,5
complete,0.34,10,200,8,1,1.0,1.0,5
complete,0.35,10,200,8,1,1.0,1.0,4
complete,0.17,11,200,8,2,1.943823500826125,0.585,8
complete,0.18,11,200,8,2,1.943823500826125,0.585,7
complete,0.19,11,200,8,2,1.9872813990461045,0.54,7
complete,0.2,11,200,8,1,1.0,1.0,17
complete,0.21,11,200,8,1,1.0,1.0,15
complete,0.22,11,200,8,1,1.0,1.0,9
complete,0.23,11,200,8,1,1.0,1.0,7
complete,0.24,11,200,8,1,1.0,1.0,7
complete,0.25,11,200,8,1,1.0,1.0,6
complete,0.26,11,200,8,1,1.0,1.0,6
complete,0.27,11,200,8,1,1.0,1.0,6
complete,0.28,11,200,8,1,1.0,1.0,5
complete,0.29,11,200,8,1,1.0,1.0,5
complete,0.3,11,200,8,1,1.0,1.0,5
complete,0.31,11,200,8,1,1.0,1.0,5
complete,0.32,11,200,8,1,1.0,1.0,5
complete,0.33,11,200,8,1,1.0,1.0,5
complete,0.34,11,200,8,1,1.0,1.0,4
complete,0.35,11,200,8,1,1.0,1.0,4
complete,0.17,12,200,8,2,1.9928258270227182,0.53,8
complete,0.18,12,200,8,2,1.9950124688279303,0.525,7
complete,0.19,12,200,8,2,1.9950124688279303,0.525,8
complete,0.2,12,200,8,2,1.9998000199980002,0.505,6
complete,0.21,12,200,8,2,1.9992003198720512,0.51,6
complete,0.22,12,200,8,2,1.9982016185433111,0.515,6
complete,0.23,12,200,8,2,1.9982016185433111,0.515,7
complete,0.24,12,200,8,2,1.9982016185433111,0.515,6
complete,0.25,12,200,8,2,1.9982016185433111,0.515,6
complete,0.26,12,200,8,1,1.0,1.0,18
complete,0.27,12,200,8,1,1.0,1.0,10
complete,0.28,12,200,8,1,1.0,1.0,8
complete,0.29,12,200,8,1,1.0,1.0,6
complete,0.3,12,200,8,1,1.0,1.0,6
complete,0.31,12,200,8,1,1.0,1.0,6
complete,0.32,12,200,8,1,1.0,1.0,5
complete,0.33,12,200,8,1,1.0,1.0,5
complete,0.34,12,200,8,1,1.0,1.0,5
complete,0.35,12,200,8,1,1.0,1.0,5
complete,0.17,13,200,8,2,1.9303156066016793,0.595,10
complete,0.18,13,200,8,2,1.943823500826125,0.585,8
complete,0.19,13,200,8,2,1.9982016185433111,0.515,8
complete,0.2,13,200,8,2,1.996805111821086,0.52,7
complete,0.21,13,200,8,2,1.9992003198720512,0.51,6
complete,0.22,13,200,8,2,1.9992003198720512,0.51,7
complete,0.23,13,200,8,1,1.0,1.0,18
complete,0.24,13,200,8,1,1.0,1.0,10
complete,0.25,13,200,8,1,1.0,1.0,7
complete,0.26,13,200,8,1,1.0,1.0,6
complete,0.27,13,200,8,1,1.0,1.0,6
complete,0.28,13,200,8,1,1.0,1.0,6
complete,0.29,13,200,8,1,1.0,1.0,5
complete,0.3,13,200,8,1,1.0,1.0,5
complete,0.31,13,200,8,1,1.0,1.0,5
complete,0.32,13,200,8,1,1.0,1.0,5
complete,0.33,13,200,8,1,1.0,1.0,5
complete,0.34,13,200,8,1,1.0,1.0,5
complete,0.35,13,200,8,1,1.0,1.0,4
complete,0.17,14,200,8,2,1.9372336303758233,0.59,7
complete,0.18,14,200,8,2,1.9372336303758233,0.59,6
complete,0.19,14,200,8,2,1.9372336303758233,0.59,6
complete,0.2,14,200,8,2,1.943823500826125,0.585,6
complete,0.21,14,200,8,2,1.943823500826125,0.585,6
complete,0.22,14,200,8,2,1.943823500826125,0.585,6
complete,0.23,14,200,8,1,1.0,1.0,32
complete,0.24,14,200,8,2,1.990247785849338,0.535,6
complete,0.25,14,200,8,1,1.0,1.0,15
complete,0.26,14,200,8,1,1.0,1.0,11
complete,0.27,14,200,8,1,1.0,1.0,7
complete,0.28,14,200,8,1,1.0,1.0,6
complete,0.29,14,200,8,1,1.0,1.0,6
complete,0.3,14,200,8,1,1.0,1.0,5
complete,0.31,14,200,8,1,1.0,1.0,5
complete,0.32,14,200,8,1,1.0,1.0,5
complete,0.33,14,200,8,1,1.0,1.0,5
complete,0.34,14,200,8,1,1.0,1.0,5
complete,0.35,14,200,8,1,1.0,1.0,5
complete,0.17,15,200,8,2,1.9872813990461045,0.54,8
complete,0.18,15,200,8,2,1.9839301656581685,0.545,7
complete,0.19,15,200,8,2,1.9950124688279303,0.525,8
complete,0.2,15,200,8,2,1.996805111821086,0.52,7
complete,0.21,15,200,8,2,1.9950124688279303,0.525,7
complete,0.22,15,200,8,1,1.0,1.0,24
complete,0.23,15,200,8,1,1.0,1.0,12
complete,0.24,15,200,8,1,1.0,1.0,11
complete,0.25,15,200,8,1,1.0,1.0,10
complete,0.26,15,200,8,1,1.0,1.0,7
complete,0.27,15,200,8,1,1.0,1.0,7
complete,0.28,15,200,8,1,1.0,1.0,6
complete,0.29,15,200,8,1,1.0,1.0,6
complete,0.3,15,200,8,1,1.0,1.0,5
complete,0.31,15,200,8,1,1.0,1.0,5
complete,0.32,15,200,8,1,1.0,1.0,5
complete,0.33,15,200,8,1,1.0,1.0,5
complete,0.34,15,200,8,1,1.0,1.0,5
complete,0.35,15,200,8,1,1.0,1.0,5
complete,0.17,16,200,8,2,1.8246510354894625,0.655,8
complete,0.18,16,200,8,3,1.9045805161413198,0.62,8
complete,0.19,16,200,8,2,1.9303156066016793,0.595,7
complete,0.2,16,200,8,2,1.9303156066016793,0.595,7
complete,0.21,16,200,8,2,1.9303156066016793,0.595,6
complete,0.22,16,200,8,2,1.8995156235160036,0.615,7
complete,0.23,16,200,8,2,1.8995156235160036,0.615,7
complete,0.24,16,200,8,1,1.0,1.0,20
complete,0.25,16,200,8,1,1.0,1.0,12
complete,0.26,16,200,8,1,1.0,1.0,8
complete,0.27,16,200,8,1,1.0,1.0,7
complete,0.28,16,200,8,1,1.0,1.0,6
complete,0.29,16,200,8,1,1.0,1.0,6
complete,0.3,16,200,8,1,1.0,1.0,5
complete,0.31,16,200,8,1,1.0,1.0,5
complete,0.32,16,200,8,1,1.0,1.0,5
complete,0.33,16,200,8,1,1.0,1.0,5
complete,0.34,16,200,8,1,1.0,1.0,5
complete,0.35,16,200,8,1,1.0,1.0,5
complete,0.17,17,200,8,3,2.2737608003638017,0.5,8
complete,0.18,17,200,8,2,1.976089319237229,0.555,8
complete,0.19,17,200,8,2,1.9872813990461045,0.54,8
complete,0.2,17,200,8,2,1.9928258270227182,0.53,7
complete,0.21,17,200,8,2,1.9872813990461045,0.54,7
complete,0.22,17,200,8,2,1.9950124688279303,0.525,7
complete,0.23,17,200,8,2,1.9928258270227182,0.53,6
complete,0.24,17,200,8,2,1.9928258270227182,0.53,6
complete,0.25,17,200,8,2,1.996805111821086,0.52,6
complete,0.26,17,200,8,2,1.9998000199980002,0.505,6
complete,0.27,17,200,8,1,1.0,1.0,14
complete,0.28,17,200,8,1,1.0,1.0,13
complete,0.29,17,200,8,1,1.0,1.0,8
complete,0.3,17,200,8,1,1.0,1.0,7
complete,0.31,17,200,8,1,1.0,1.0,6
complete,0.32,17,200,8,1,1.0,1.0,6
complete,0.33,17,200,8,1,1.0,1.0,5
complete,0.34,17,200,8,1,1.0,1.0,5
complete,0.35,17,200,8,1,1.0,1.0,5
complete,0.17,18,200,8,2,1.8545994065281899,0.64,9
complete,0.18,18,200,8,2,1.923076923076923,0.6,8
complete,0.19,18,200,8,2,1.9303156066016793,0.595,8
complete,0.2,18,200,8,2,1.943823500826125,0.585,7
complete,0.21,18,200,8,2,1.9667617268167963,0.565,7
complete,0.22,18,200,8,2,1.9559902200488999,0.575,7
complete,0.23,18,200,8,1,1.0,1.0,41
complete,0.24,18,200,8,1,1.0,1.0,10
complete,0.25,18,200,8,1,1.0,1.0,7
complete,0.26,18,200,8,1,1.0,1.0,7
complete,0.27,18,200,8,1,1.0,1.0,6
complete,0.28,18,200,8,1,1.0,1.0,6
complete,0.29,18,200,8,1,1.0,1.0,6
complete,0.3,18,200,8,1,1.0,1.0,5
complete,0.31,18,200,8,1,1.0,1.0,5
complete,0.32,18,200,8,1,1.0,1.0,5
complete,0.33,18,200,8,1,1.0,1.0,5
complete,0.34,18,200,8,1,1.0,1.0,5
complete,0.35,18,200,8,1,1.0,1.0,4
complete,0.17,19,200,8,2,1.8035891423933625,0.665,8
complete,0.18,19,200,8,2,1.8641066268990587,0.635,7
complete,0.19,19,200,8,2,1.9076688286913392,0.61,7
complete,0.2,19,200,8,2,1.9372336303758233,0.59,7
complete,0.21,19,200,8,2,1.950078003120125,0.58,7
complete,0.22,19,200,8,2,1.9615535504119266,0.57,7
complete,0.23,19,200,8,1,1.0,1.0,50
complete,0.24,19,200,8,1,1.0,1.0,15
complete,0.25,19,200,8,1,1.0,1.0,8
complete,0.26,19,200,8,1,1.0,1.0,7
complete,0.27,19,200,8,1,1.0,1.0,6
complete,0.28,19,200,8,1,1.0,1.0,6
complete,0.29,19,200,8,1,1.0,1.0,6
complete,0.3,19,200,8,1,1.0,1.0,5
complete,0.31,19,200,8,1,1.0,1.0,5
complete,0.32,19,200,8,1,1.0,1.0,5
complete,0.33,19,200,8,1,1.0,1.0,5
complete,0.34,19,200,8,1,1.0,1.0,5
complete,0.35,19,200,8,1,1.0,1.0,5
complete,0.17,20,200,8,2,1.9303156066016793,0.595,9
complete,0.18,20,200,8,2,1.9303156066016793,0.595,8
complete,0.19,20,200,8,2,1.9992003198720512,0.51,9
complete,0.2,20,200,8,2,1.9982016185433111,0.515,8
complete,0.21,20,200,8,2,1.9982016185433111,0.515,7
complete,0.22,20,200,8,2,1.9982016185433111,0.515,7
complete,0.23,20,200,8,2,1.9982016185433111,0.515,8
complete,0.24,20,200,8,1,1.0,1.0,9
complete,0.25,20,200,8,1,1.0,1.0,8
complete,0.26,20,200,8,1,1.0,1.0,7
complete,0.27,20,200,8,1,1.0,1.0,6
complete,0.28,20,200,8,1,1.0,1.0,6
complete,0.29,20,200,8,1,1.0,1.0,6
complete,0.3,20,200,8,1,1.0,1.0,5
complete,0.31,20,200,8,1,1.0,1.0,5
complete,0.32,20,200,8,1,1.0,1.0,5
complete,0.33,20,200,8,1,1.0,1.0,5
complete,0.34,20,200,8,1,1.0,1.0,5
complete,0.35,20,200,8,1,1.0,1.0,5
complete,0.17,21,200,8,3,2.005414619472576,0.54,6
complete,0.18,21,200,8,2,1.9872813990461045,0.54,6
complete,0.19,21,200,8,2,1.9872813990461045,0.54,6
complete,0.2,21,200,8,2,1.9872813990461045,0.54,6
complete,0.21,21,200,8,2,1.9872813990461045,0.54,6
complete,0.22,21,200,8,2,1.9872813990461045,0.54,5
complete,0.23,21,200,8,2,1.9872813990461045,0.54,5
complete,0.24,21,200,8,2,1.9872813990461045,0.54,5
complete,0.25,21,200,8,2,1.9872813990461045,0.54,6
complete,0.26,21,200,8,1,1.0,1.0,27
complete,0.27,21,200,8,1,1.0,1.0,17
complete,0.28,21,200,8,1,1.0,1.0,11
complete,0.29,21,200,8,1,1.0,1.0,7
complete,0.3,21,200,8,1,1.0,1.0,6
complete,0.31,21,200,8,1,1.0,1.0,5
complete,0.32,21,200,8,1,1.0,1.0,5
complete,0.33,21,200,8,1,1.0,1.0,5
complete,0.34,21,200,8,1,1.0,1.0,5
complete,0.35,21,200,8,1,1.0,1.0,5
complete,0.17,22,200,8,2,1.9992003198720512,0.51,7
complete,0.18,22,200,8,2,1.9992003198720512,0.51,7
complete,0.19,22,200,8,2,1.9998000199980002,0.505,7
complete,0.2,22,200,8,2,1.9992003198720512,0.51,8
complete,0.21,22,200,8,2,1.996805111821086,0.52,7
complete,0.22,22,200,8,2,1.996805111821086,0.52,7
complete,0.23,22,200,8,2,1.9928258270227182,0.53,6
complete,0.24,22,200,8,2,1.9928258270227182,0.53,6
complete,0.25,22,200,8,2,1.9928258270227182,0.53,6
complete,0.26,22,200,8,2,1.9928258270227182,0.53,6
complete,0.27,22,200,8,2,1.9928258270227182,0.53,5
complete,0.28,22,200,8,1,1.0,1.0,47
complete,0.29,22,200,8,1,1.0,1.0,23
complete,0.3,22,200,8,1,1.0,1.0,18
complete,0.31,22,200,8,1,1.0,1.0,7
complete,0.32,22,200,8,1,1.0,1.0,6
complete,0.33,22,200,8,1,1.0,1.0,5
complete,0.34,22,200,8,1,1.0,1.0,5
complete,0.35,22,200,8,1,1.0,1.0,5
complete,0.17,23,200,8,2,1.943823500826125,0.585,7
complete,0.18,23,200,8,2,1.943823500826125,0.585,7
complete,0.19,23,200,8,2,1.943823500826125,0.585,7
complete,0.2,23,200,8,2,1.950078003120125,0.58,6
complete,0.21,23,200,8,2,1.9716088328075707,0.56,7
complete,0.22,23,200,8,2,1.976089319237229,0.555,6
complete,0.23,23,200,8,1,1.0,1.0,24
complete,0.24,23,200,8,2,1.990247785849338,0.535,6
complete,0.25,23,200,8,2,1.9928258270227182,0.53,6
complete,0.26,23,200,8,1,1.0,1.0,22
complete,0.27,23,200,8,1,1.0,1.0,9
complete,0.28,23,200,8,1,1.0,1.0,7
complete,0.29,23,200,8,1,1.0,1.0,6
complete,0.3,23,200,8,1,1.0,1.0,6
complete,0.31,23,200,8,1,1.0,1.0,5
complete,0.32,23,200,8,1,1.0,1.0,5
complete,0.33,23,200,8,1,1.0,1.0,5
complete,0.34,23,200,8,1,1.0,1.0,5
complete,0.35,23,200,8,1,1.0,1.0,5
Erdos-Renyi,0.17,0,200,8,9,1.0848340203948794,0.96,82
Erdos-Renyi,0.18,0,200,8,8,1.0736525660296328,0.965,71
Erdos-Renyi,0.19,0,200,8,8,1.0736525660296328,0.965,68
Erdos-Renyi,0.2,0,200,8,7,1.0626427926252586,0.97,65
Erdos-Renyi,0.21,0,200,8,7,1.0626427926252586,0.97,58
Erdos-Renyi,0.22,0,200,8,6,1.0518012095713907,0.975,58
Erdos-Renyi,0.23,0,200,8,6,1.0518012095713907,0.975,56
Erdos-Renyi,0.24,0,200,8,5,1.0411244143675167,0.98,54
Erdos-Renyi,0.25,0,200,8,5,1.0411244143675167,0.98,53
Erdos-Renyi,0.26,0,200,8,5,1.0411244143675167,0.98,53
Erdos-Renyi,0.27,0,200,8,5,1.0411244143675167,0.98,52
Erdos-Renyi,0.28,0,200,8,5,1.0411244143675167,0.98,52
Erdos-Renyi,0.29,0,200,8,5,1.0411244143675167,0.98,51
Erdos-Renyi,0.3,0,200,8,5,1.0411244143675167,0.98,50
Erdos-Renyi,0.31,0,200,8,5,1.0411244143675167,0.98,50
Erdos-Renyi,0.32,0,200,8,4,1.0306090899721734,0.985,50
Erdos-Renyi,0.33,0,200,8,4,1.0306090899721734,0.985,50
Erdos-Renyi,0.34,0,200,8,4,1.0306090899721734,0.985,50
Erdos-Renyi,0.35,0,200,8,4,1.0306090899721734,0.985,49
Erdos-Renyi,0.17,1,200,8,7,1.0735949326319179,0.965,359
Erdos-Renyi,0.18,1,200,8,7,1.0735949326319179,0.965,396
Erdos-Renyi,0.19,1,200,8,7,2.106593638087213,0.53,170
Erdos-Renyi,0.2,1,200,8,4,1.0410702201863515,0.98,105
Erdos-Renyi,0.21,1,200,8,4,1.0410702201863515,0.98,109
Erdos-Renyi,0.22,1,200,8,4,1.0306090899721734,0.985,74
Erdos-Renyi,0.23,1,200,8,4,1.0410702201863515,0.98,62
Erdos-Renyi,0.24,1,200,8,4,1.0410702201863515,0.98,59
Erdos-Renyi,0.25,1,200,8,4,1.0306090899721734,0.985,57
Erdos-Renyi,0.26,1,200,8,4,1.0306090899721734,0.985,54
Erdos-Renyi,0.27,1,200,8,4,1.0306090899721734,0.985,53
Erdos-Renyi,0.28,1,200,8,3,1.0202520022445543,0.99,53
Erdos-Renyi,0.29,1,200,8,3,1.0202520022445543,0.99,53
Erdos-Renyi,0.3,1,200,8,3,1.0202520022445543,0.99,52
Erdos-Renyi,0.31,1,200,8,3,1.0202520022445543,0.99,51
Erdos-Renyi,0.32,1,200,8,3,1.0202520022445543,0.99,50
Erdos-Renyi,0.33,1,200,8,3,1.0202520022445543,0.99,50
Erdos-Renyi,0.34,1,200,8,2,1.010049997474875,0.995,50
Erdos-Renyi,0.35,1,200,8,2,1.010049997474875,0.995,49
Erdos-Renyi,0.17,2,200,8,8,2.204585537918871,0.505,133
Erdos-Renyi,0.18,2,200,8,8,2.144772117962466,0.56,151
Erdos-Renyi,0.19,2,200,8,8,2.128338831541982,0.57,134
Erdos-Renyi,0.2,2,200,8,7,1.084657519388253,0.96,112
Erdos-Renyi,0.21,2,200,8,7,1.0735949326319179,0.965,73
Erdos-Renyi,0.22,2,200,8,7,1.0735949326319179,0.965,64
Erdos-Renyi,0.23,2,200,8,9,1.0961306587745259,0.955,61
Erdos-Renyi,0.24,2,200,8,8,1.0847751803438737,0.96,59
Erdos-Renyi,0.25,2,200,8,8,1.0847751803438737,0.96,57
Erdos-Renyi,0.26,2,200,8,8,1.0847751803438737,0.96,57
Erdos-Renyi,0.27,2,200,8,7,1.0626427926252586,0.97,55
Erdos-Renyi,0.28,2,200,8,7,1.0626427926252586,0.97,54
Erdos-Renyi,0.29,2,200,8,7,1.0626427926252586,0.97,53
Erdos-Renyi,0.3,2,200,8,7,1.0626427926252586,0.97,53
Erdos-Renyi,0.31,2,200,8,6,1.0518012095713907,0.975,52
Erdos-Renyi,0.32,2,200,8,7,1.0626427926252586,0.97,52
Erdos-Renyi,0.33,2,200,8,5,1.0411244143675167,0.98,52
Erdos-Renyi,0.34,2,200,8,5,1.0411244143675167,0.98,51
Erdos-Renyi,0.35,2,200,8,4,1.0306090899721734,0.985,51
Erdos-Renyi,0.17,3,200,8,7,1.9878739687903784,0.605,296
Erdos-Renyi,0.18,3,200,8,8,2.002402883460152,0.605,274
Erdos-Renyi,0.19,3,200,8,6,1.051801209571391,0.975,87
Erdos-Renyi,0.2,3,200,8,5,1.041124414367517,0.98,69
Erdos-Renyi,0.21,3,200,8,5,1.041124414367517,0.98,66
Erdos-Renyi,0.22,3,200,8,5,1.041124414367517,0.98,66
Erdos-Renyi,0.23,3,200,8,5,1.041124414367517,0.98,61
Erdos-Renyi,0.24,3,200,8,5,1.041124414367517,0.98,58
Erdos-Renyi,0.25,3,200,8,4,1.0306090899721734,0.985,55
Erdos-Renyi,0.26,3,200,8,4,1.0306090899721734,0.985,55
Erdos-Renyi,0.27,3,200,8,4,1.0306090899721734,0.985,54
Erdos-Renyi,0.28,3,200,8,4,1.0306090899721734,0.985,54
Erdos-Renyi,0.29,3,200,8,4,1.0306090899721734,0.985,54
Erdos-Renyi,0.3,3,200,8,3,1.0202520022445543,0.99,53
Erdos-Renyi,0.31,3,200,8,3,1.0202520022445543,0.99,53
Erdos-Renyi,0.32,3,200,8,3,1.0202520022445543,0.99,52
Erdos-Renyi,0.33,3,200,8,3,1.0202520022445543,0.99,51
Erdos-Renyi,0.34,3,200,8,3,1.0202520022445543,0.99,50
Erdos-Renyi,0.35,3,200,8,3,1.0202520022445543,0.99,51
Erdos-Renyi,0.17,4,200,8,10,1.155134573177775,0.93,149
Erdos-Renyi,0.18,4,200,8,8,1.1668611435239205,0.925,74
Erdos-Renyi,0.19,4,200,8,5,1.041124414367517,0.98,81
Erdos-Renyi,0.2,4,200,8,7,1.084657519388253,0.96,78
Erdos-Renyi,0.21,4,200,8,5,1.1071132023249377,0.95,66
Erdos-Renyi,0.22,4,200,8,6,1.1071744906997343,0.95,67
Erdos-Renyi,0.23,4,200,8,4,1.0623041376746163,0.97,62
Erdos-Renyi,0.24,4,200,8,3,1.0202520022445543,0.99,71
Erdos-Renyi,0.25,4,200,8,4,1.0306090899721736,0.985,69
Erdos-Renyi,0.26,4,200,8,4,1.0306090899721736,0.985,68
Erdos-Renyi,0.27,4,200,8,3,1.0202520022445543,0.99,67
Erdos-Renyi,0.28,4,200,8,3,1.0202520022445543,0.99,67
Erdos-Renyi,0.29,4,200,8,3,1.0202520022445543,0.99,66
Erdos-Renyi,0.3,4,200,8,2,1.010049997474875,0.995,62
Erdos-Renyi,0.31,4,200,8,1,1.0,1.0,62
Erdos-Renyi,0.32,4,200,8,1,1.0,1.0,59
Erdos-Renyi,0.33,4,200,8,1,1.0,1.0,59
Erdos-Renyi,0.34,4,200,8,1,1.0,1.0,59
Erdos-Renyi,0.35,4,200,8,1,1.0,1.0,59
Erdos-Renyi,0.17,5,200,8,10,1.1076650420912715,0.95,100
Erdos-Renyi,0.18,5,200,8,8,1.0847751803438737,0.96,182
Erdos-Renyi,0.19,5,200,8,6,1.06258633513973,0.97,88
Erdos-Renyi,0.2,5,200,8,7,1.0735949326319179,0.965,83
Erdos-Renyi,0.21,5,200,8,5,1.051745898190997,0.975,75
Erdos-Renyi,0.22,5,200,8,6,1.06258633513973,0.97,74
Erdos-Renyi,0.23,5,200,8,5,1.051745898190997,0.975,71
Erdos-Renyi,0.24,5,200,8,5,1.051745898190997,0.975,67
Erdos-Renyi,0.25,5,200,8,5,1.051745898190997,0.975,65
Erdos-Renyi,0.26,5,200,8,6,1.06258633513973,0.97,63
Erdos-Renyi,0.27,5,200,8,5,1.051745898190997,0.975,62
Erdos-Renyi,0.28,5,200,8,5,1.051745898190997,0.975,62
Erdos-Renyi,0.29,5,200,8,4,1.0410702201863518,0.98,61
Erdos-Renyi,0.3,5,200,8,3,1.0202520022445545,0.99,60
Erdos-Renyi,0.31,5,200,8,3,1.0202520022445545,0.99,60
Erdos-Renyi,0.32,5,200,8,3,1.0202520022445545,0.99,60
Erdos-Renyi,0.33,5,200,8,4,1.0306090899721736,0.985,59
Erdos-Renyi,0.34,5,200,8,4,1.0306090899721736,0.985,59
Erdos-Renyi,0.35,5,200,8,3,1.0202520022445543,0.99,59
Erdos-Renyi,0.17,6,200,8,9,1.0961306587745259,0.955,484
Erdos-Renyi,0.18,6,200,8,9,1.0961306587745259,0.955,443
Erdos-Renyi,0.19,6,200,8,8,1.0736525660296328,0.965,179
Erdos-Renyi,0.2,6,200,8,7,1.0626427926252588,0.97,271
Erdos-Renyi,0.21,6,200,8,7,1.0626427926252588,0.97,102
Erdos-Renyi,0.22,6,200,8,7,1.0626427926252588,0.97,105
Erdos-Renyi,0.23,6,200,8,7,1.0626427926252588,0.97,109
Erdos-Renyi,0.24,6,200,8,6,1.0518012095713907,0.975,96
Erdos-Renyi,0.25,6,200,8,5,1.0411244143675167,0.98,85
Erdos-Renyi,0.26,6,200,8,5,1.0411244143675167,0.98,68
Erdos-Renyi,0.27,6,200,8,4,1.0306090899721734,0.985,60
Erdos-Renyi,0.28,6,200,8,3,1.0202520022445543,0.99,60
Erdos-Renyi,0.29,6,200,8,3,1.0202520022445543,0.99,56
Erdos-Renyi,0.3,6,200,8,3,1.0202520022445543,0.99,56
Erdos-Renyi,0.31,6,200,8,3,1.0202520022445543,0.99,55
Erdos-Renyi,0.32,6,200,8,3,1.0202520022445543,0.99,55
Erdos-Renyi,0.33,6,200,8,3,1.0202520022445543,0.99,54
Erdos-Renyi,0.34,6,200,8,3,1.0202520022445543,0.99,54
Erdos-Renyi,0.35,6,200,8,3,1.0202520022445543,0.99,53
Erdos-Renyi,0.17,7,200,8,10,1.0961907371882706,0.955,262
Erdos-Renyi,0.18,7,200,8,9,1.7705382436260624,0.705,300
Erdos-Renyi,0.19,7,200,8,10,1.628399283504315,0.76,207
Erdos-Renyi,0.2,7,200,8,10,1.119256813475852,0.945,74
Erdos-Renyi,0.21,7,200,8,8,1.0736525660296328,0.965,62
Erdos-Renyi,0.22,7,200,8,7,1.084657519388253,0.96,64
Erdos-Renyi,0.23,7,200,8,7,1.084657519388253,0.96,59
Erdos-Renyi,0.24,7,200,8,7,1.084657519388253,0.96,60
Erdos-Renyi,0.25,7,200,8,7,1.084657519388253,0.96,59
Erdos-Renyi,0.26,7,200,8,7,1.084657519388253,0.96,58
Erdos-Renyi,0.27,7,200,8,6,1.0734796843969727,0.965,55
Erdos-Renyi,0.28,7,200,8,6,1.051801209571391,0.975,54
Erdos-Renyi,0.29,7,200,8,6,1.051801209571391,0.975,53
Erdos-Renyi,0.3,7,200,8,4,1.0306090899721736,0.985,52
Erdos-Renyi,0.31,7,200,8,4,1.0306090899721736,0.985,51
Erdos-Renyi,0.32,7,200,8,4,1.0306090899721734,0.985,52
Erdos-Renyi,0.33,7,200,8,3,1.0202520022445543,0.99,51
Erdos-Renyi,0.34,7,200,8,3,1.0202520022445543,0.99,51
Erdos-Renyi,0.35,7,200,8,2,1.010049997474875,0.995,51
Erdos-Renyi,0.17,8,200,8,10,2.111040743086342,0.58,186
Erdos-Renyi,0.18,8,200,8,11,2.122691572914456,0.59,259
Erdos-Renyi,0.19,8,200,8,7,1.9984012789768177,0.62,290
Erdos-Renyi,0.2,8,200,8,7,2.0601565718994648,0.59,241
Erdos-Renyi,0.21,8,200,8,6,2.0292207792207795,0.59,217
Erdos-Renyi,0.22,8,200,8,3,1.0409618487482433,0.98,232
Erdos-Renyi,0.23,8,200,8,4,1.051635292880429,0.975,90
Erdos-Renyi,0.24,8,200,8,4,1.051635292880429,0.975,77
Erdos-Renyi,0.25,8,200,8,3,1.0409618487482433,0.98,82
Erdos-Renyi,0.26,8,200,8,3,1.0409618487482433,0.98,73
Erdos-Renyi,0.27,8,200,8,3,1.0305559849538826,0.985,71
Erdos-Renyi,0.28,8,200,8,3,1.0305559849538826,0.985,62
Erdos-Renyi,0.29,8,200,8,3,1.0305559849538826,0.985,56
Erdos-Renyi,0.3,8,200,8,3,1.0305559849538826,0.985,55
Erdos-Renyi,0.31,8,200,8,3,1.0305559849538826,0.985,54
Erdos-Renyi,0.32,8,200,8,3,1.0305559849538826,0.985,53
Erdos-Renyi,0.33,8,200,8,2,1.0201999591920017,0.99,53
Erdos-Renyi,0.34,8,200,8,2,1.010049997474875,0.995,52
Erdos-Renyi,0.35,8,200,8,2,1.010049997474875,0.995,51
Erdos-Renyi,0.17,9,200,8,10,1.1675423234092235,0.925,76
Erdos-Renyi,0.18,9,200,8,8,1.1191315539141626,0.945,75
Erdos-Renyi,0.19,9,200,8,8,1.0960705869457992,0.955,69
Erdos-Renyi,0.2,9,200,8,8,1.0960705869457992,0.955,68
Erdos-Renyi,0.21,9,200,8,7,1.0847163466753442,0.96,63
Erdos-Renyi,0.22,9,200,8,7,1.0847163466753442,0.96,63
Erdos-Renyi,0.23,9,200,8,7,1.0847163466753442,0.96,60
Erdos-Renyi,0.24,9,200,8,6,1.0735373054213633,0.965,58
Erdos-Renyi,0.25,9,200,8,5,1.0625298836529777,0.97,58
Erdos-Renyi,0.26,9,200,8,5,1.051745898190997,0.975,57
Erdos-Renyi,0.27,9,200,8,5,1.051745898190997,0.975,56
Erdos-Renyi,0.28,9,200,8,5,1.041124414367517,0.98,56
Erdos-Renyi,0.29,9,200,8,3,1.0202520022445543,0.99,55
Erdos-Renyi,0.3,9,200,8,2,1.010049997474875,0.995,54
Erdos-Renyi,0.31,9,200,8,2,1.010049997474875,0.995,54
Erdos-Renyi,0.32,9,200,8,2,1.010049997474875,0.995,53
Erdos-Renyi,0.33,9,200,8,2,1.010049997474875,0.995,54
Erdos-Renyi,0.34,9,200,8,2,1.010049997474875,0.995,54
Erdos-Renyi,0.35,9,200,8,2,1.010049997474875,0.995,53
Erdos-Renyi,0.17,10,200,8,9,1.0961306587745259,0.955,147
Erdos-Renyi,0.18,10,200,8,9,1.0961306587745259,0.955,81
Erdos-Renyi,0.19,10,200,8,8,1.0847751803438737,0.96,76
Erdos-Renyi,0.2,10,200,8,8,1.0847751803438737,0.96,66
Erdos-Renyi,0.21,10,200,8,8,1.0847751803438737,0.96,65
Erdos-Renyi,0.22,10,200,8,7,1.0735949326319179,0.965,63
Erdos-Renyi,0.23,10,200,8,6,1.06258633513973,0.97,61
Erdos-Renyi,0.24,10,200,8,5,1.051745898190997,0.975,58
Erdos-Renyi,0.25,10,200,8,5,1.051745898190997,0.975,57
Erdos-Renyi,0.26,10,200,8,5,1.0411244143675167,0.98,57
Erdos-Renyi,0.27,10,200,8,5,1.0411244143675167,0.98,57
Erdos-Renyi,0.28,10,200,8,5,1.0411244143675167,0.98,56
Erdos-Renyi,0.29,10,200,8,6,1.051801209571391,0.975,57
Erdos-Renyi,0.3,10,200,8,6,1.051801209571391,0.975,56
Erdos-Renyi,0.31,10,200,8,6,1.051801209571391,0.975,56
Erdos-Renyi,0.32,10,200,8,6,1.051801209571391,0.975,55
Erdos-Renyi,0.33,10,200,8,6,1.051801209571391,0.975,55
Erdos-Renyi,0.34,10,200,8,5,1.0411244143675167,0.98,54
Erdos-Renyi,0.35,10,200,8,5,1.0411244143675167,0.98,54
Erdos-Renyi,0.17,11,200,8,8,1.1190063223857216,0.945,119
Erdos-Renyi,0.18,11,200,8,8,1.1190063223857216,0.945,82
Erdos-Renyi,0.19,11,200,8,8,1.1190063223857216,0.945,73
Erdos-Renyi,0.2,11,200,8,8,1.1190063223857216,0.945,66
Erdos-Renyi,0.21,11,200,8,8,1.107481034387286,0.95,61
Erdos-Renyi,0.22,11,200,8,7,1.0847163466753444,0.96,57
Erdos-Renyi,0.23,11,200,8,6,1.0735373054213635,0.965,54
Erdos-Renyi,0.24,11,200,8,6,1.06258633513973,0.97,53
Erdos-Renyi,0.25,11,200,8,5,1.051745898190997,0.975,53
Erdos-Renyi,0.26,11,200,8,5,1.051745898190997,0.975,53
Erdos-Renyi,0.27,11,200,8,4,1.0410702201863515,0.98,52
Erdos-Renyi,0.28,11,200,8,4,1.0410702201863515,0.98,51
Erdos-Renyi,0.29,11,200,8,4,1.0410702201863515,0.98,51
Erdos-Renyi,0.3,11,200,8,3,1.0305559849538826,0.985,49
Erdos-Renyi,0.31,11,200,8,3,1.0305559849538826,0.985,50
Erdos-Renyi,0.32,11,200,8,3,1.0305559849538826,0.985,49
Erdos-Renyi,0.33,11,200,8,3,1.0305559849538826,0.985,48
Erdos-Renyi,0.34,11,200,8,3,1.0305559849538826,0.985,48
Erdos-Renyi,0.35,11,200,8,2,1.0201999591920017,0.99,49
Erdos-Renyi,0.17,12,200,8,10,2.1848372296263925,0.53,128
Erdos-Renyi,0.18,12,200,8,8,1.0960105217010083,0.955,127
Erdos-Renyi,0.19,12,200,8,8,1.0960105217010083,0.955,76
Erdos-Renyi,0.2,12,200,8,8,1.0960105217010083,0.955,69
Erdos-Renyi,0.21,12,200,8,7,1.084657519388253,0.96,65
Erdos-Renyi,0.22,12,200,8,6,1.051801209571391,0.975,63
Erdos-Renyi,0.23,12,200,8,6,1.0734796843969727,0.965,60
Erdos-Renyi,0.24,12,200,8,5,1.062473438164046,0.97,59
Erdos-Renyi,0.25,12,200,8,3,1.0202520022445543,0.99,56
Erdos-Renyi,0.26,12,200,8,3,1.0202520022445543,0.99,54
Erdos-Renyi,0.27,12,200,8,3,1.0202520022445543,0.99,54
Erdos-Renyi,0.28,12,200,8,3,1.0202520022445543,0.99,52
Erdos-Renyi,0.29,12,200,8,3,1.0202520022445543,0.99,51
Erdos-Renyi,0.3,12,200,8,3,1.0202520022445543,0.99,51
Erdos-Renyi,0.31,12,200,8,3,1.0202520022445543,0.99,50
Erdos-Renyi,0.32,12,200,8,3,1.0202520022445543,0.99,50
Erdos-Renyi,0.33,12,200,8,3,1.0202520022445543,0.99,49
Erdos-Renyi,0.34,12,200,8,3,1.0202520022445543,0.99,49
Erdos-Renyi,0.35,12,200,8,2,1.010049997474875,0.995,49
Erdos-Renyi,0.17,13,200,8,10,1.7406440382941688,0.725,326
Erdos-Renyi,0.18,13,200,8,8,1.107481034387286,0.95,86
Erdos-Renyi,0.19,13,200,8,6,1.0625863351397302,0.97,68
Erdos-Renyi,0.2,13,200,8,6,1.0518012095713911,0.975,71
Erdos-Renyi,0.21,13,200,8,4,1.0306090899721736,0.985,69
Erdos-Renyi,0.22,13,200,8,4,1.0306090899721736,0.985,67
Erdos-Renyi,0.23,13,200,8,4,1.0306090899721736,0.985,65
Erdos-Renyi,0.24,13,200,8,3,1.0202520022445545,0.99,61
Erdos-Renyi,0.25,13,200,8,3,1.0202520022445545,0.99,58
Erdos-Renyi,0.26,13,200,8,3,1.0202520022445545,0.99,59
Erdos-Renyi,0.27,13,200,8,2,1.010049997474875,0.995,59
Erdos-Renyi,0.28,13,200,8,2,1.010049997474875,0.995,58
Erdos-Renyi,0.29,13,200,8,2,1.010049997474875,0.995,57
Erdos-Renyi,0.3,13,200,8,2,1.010049997474875,0.995,57
Erdos-Renyi,0.31,13,200,8,1,1.0,1.0,56
Erdos-Renyi,0.32,13,200,8,1,1.0,1.0,56
Erdos-Renyi,0.33,13,200,8,1,1.0,1.0,54
Erdos-Renyi,0.34,13,200,8,1,1.0,1.0,54
Erdos-Renyi,0.35,13,200,8,1,1.0,1.0,54
Erdos-Renyi,0.17,14,200,8,8,1.0847751803438737,0.96,151
Erdos-Renyi,0.18,14,200,8,8,1.0847751803438737,0.96,176
Erdos-Renyi,0.19,14,200,8,8,1.0847751803438737,0.96,83
Erdos-Renyi,0.2,14,200,8,7,1.0735949326319179,0.965,78
Erdos-Renyi,0.21,14,200,8,6,1.06258633513973,0.97,71
Erdos-Renyi,0.22,14,200,8,6,1.06258633513973,0.97,59
Erdos-Renyi,0.23,14,200,8,5,1.051745898190997,0.975,58
Erdos-Renyi,0.24,14,200,8,6,1.06258633513973,0.97,56
Erdos-Renyi,0.25,14,200,8,5,1.051745898190997,0.975,53
Erdos-Renyi,0.26,14,200,8,5,1.051745898190997,0.975,50
Erdos-Renyi,0.27,14,200,8,3,1.0305559849538826,0.985,49
Erdos-Renyi,0.28,14,200,8,3,1.0305559849538826,0.985,50
Erdos-Renyi,0.29,14,200,8,3,1.0305559849538826,0.985,50
Erdos-Renyi,0.3,14,200,8,3,1.0305559849538826,0.985,49
Erdos-Renyi,0.31,14,200,8,3,1.0305559849538826,0.985,49
Erdos-Renyi,0.32,14,200,8,2,1.0201999591920017,0.99,48
Erdos-Renyi,0.33,14,200,8,2,1.0201999591920017,0.99,48
Erdos-Renyi,0.34,14,200,8,2,1.0201999591920017,0.99,48
Erdos-Renyi,0.35,14,200,8,2,1.0201999591920017,0.99,48
Erdos-Renyi,0.17,15,200,8,7,1.0847163466753444,0.96,485
Erdos-Renyi,0.18,15,200,8,7,2.1244954323348204,0.49,198
Erdos-Renyi,0.19,15,200,8,6,1.0625863351397302,0.97,81
Erdos-Renyi,0.2,15,200,8,6,1.0625863351397302,0.97,75
Erdos-Renyi,0.21,15,200,8,5,1.051745898190997,0.975,69
Erdos-Renyi,0.22,15,200,8,5,1.051745898190997,0.975,65
Erdos-Renyi,0.23,15,200,8,4,1.0410702201863518,0.98,65
Erdos-Renyi,0.24,15,200,8,4,1.0306090899721736,0.985,63
Erdos-Renyi,0.25,15,200,8,4,1.0306090899721736,0.985,62
Erdos-Renyi,0.26,15,200,8,5,1.051745898190997,0.975,60
Erdos-Renyi,0.27,15,200,8,4,1.0306090899721736,0.985,59
Erdos-Renyi,0.28,15,200,8,4,1.0306090899721736,0.985,58
Erdos-Renyi,0.29,15,200,8,4,1.0306090899721736,0.985,57
Erdos-Renyi,0.3,15,200,8,4,1.0306090899721736,0.985,56
Erdos-Renyi,0.31,15,200,8,3,1.0202520022445545,0.99,56
Erdos-Renyi,0.32,15,200,8,3,1.0202520022445545,0.99,55
Erdos-Renyi,0.33,15,200,8,3,1.0202520022445545,0.99,55
Erdos-Renyi,0.34,15,200,8,3,1.0202520022445545,0.99,55
Erdos-Renyi,0.35,15,200,8,3,1.0202520022445545,0.99,54
Erdos-Renyi,0.17,16,200,8,9,2.1256244021681368,0.595,373
Erdos-Renyi,0.18,16,200,8,9,2.096216329525207,0.595,346
Erdos-Renyi,0.19,16,200,8,8,2.059520131809289,0.605,352
Erdos-Renyi,0.2,16,200,8,7,1.9984012789768182,0.62,267
Erdos-Renyi,0.21,16,200,8,7,1.9278966647387694,0.64,274
Erdos-Renyi,0.22,16,200,8,7,1.8923266155738478,0.655,203
Erdos-Renyi,0.23,16,200,8,6,1.8465515649524507,0.665,176
Erdos-Renyi,0.24,16,200,8,5,1.051745898190997,0.975,64
Erdos-Renyi,0.25,16,200,8,5,1.041124414367517,0.98,60
Erdos-Renyi,0.26,16,200,8,4,1.0306090899721734,0.985,58
Erdos-Renyi,0.27,16,200,8,4,1.0306090899721734,0.985,55
Erdos-Renyi,0.28,16,200,8,4,1.0306090899721734,0.985,53
Erdos-Renyi,0.29,16,200,8,4,1.0306090899721734,0.985,52
Erdos-Renyi,0.3,16,200,8,4,1.0306090899721734,0.985,52
Erdos-Renyi,0.31,16,200,8,4,1.0306090899721734,0.985,52
Erdos-Renyi,0.32,16,200,8,4,1.0306090899721734,0.985,52
Erdos-Renyi,0.33,16,200,8,4,1.0306090899721734,0.985,51
Erdos-Renyi,0.34,16,200,8,4,1.0306090899721734,0.985,50
Erdos-Renyi,0.35,16,200,8,4,1.0306090899721734,0.985,51
Erdos-Renyi,0.17,17,200,8,8,1.1075423634954036,0.95,275
Erdos-Renyi,0.18,17,200,8,7,2.14638334406525,0.485,284
Erdos-Renyi,0.19,17,200,8,7,1.0847163466753444,0.96,138
Erdos-Renyi,0.2,17,200,8,6,1.084657519388253,0.96,94
Erdos-Renyi,0.21,17,200,8,7,1.0960105217010083,0.955,105
Erdos-Renyi,0.22,17,200,8,7,1.0960105217010083,0.955,72
Erdos-Renyi,0.23,17,200,8,7,1.0960105217010083,0.955,69
Erdos-Renyi,0.24,17,200,8,7,1.0960105217010083,0.955,64
Erdos-Renyi,0.25,17,200,8,6,1.06258633513973,0.97,60
Erdos-Renyi,0.26,17,200,8,4,1.0410702201863515,0.98,58
Erdos-Renyi,0.27,17,200,8,4,1.0410702201863515,0.98,57
Erdos-Renyi,0.28,17,200,8,4,1.0410702201863515,0.98,56
Erdos-Renyi,0.29,17,200,8,4,1.0410702201863515,0.98,56
Erdos-Renyi,0.3,17,200,8,4,1.0410702201863515,0.98,55
Erdos-Renyi,0.31,17,200,8,4,1.0410702201863515,0.98,55
Erdos-Renyi,0.32,17,200,8,4,1.0410702201863515,0.98,54
Erdos-Renyi,0.33,17,200,8,4,1.0306090899721736,0.985,54
Erdos-Renyi,0.34,17,200,8,4,1.0306090899721736,0.985,53
Erdos-Renyi,0.35,17,200,8,4,1.0306090899721736,0.985,53
Erdos-Renyi,0.17,18,200,8,9,1.1310298026352994,0.94,114
Erdos-Renyi,0.18,18,200,8,7,1.0735949326319179,0.965,212
Erdos-Renyi,0.19,18,200,8,8,1.0960705869457994,0.955,75
Erdos-Renyi,0.2,18,200,8,7,1.1303266644060133,0.94,113
Erdos-Renyi,0.21,18,200,8,7,1.0959504630390706,0.955,67
Erdos-Renyi,0.22,18,200,8,7,1.0735949326319179,0.965,63
Erdos-Renyi,0.23,18,200,8,7,1.0735949326319179,0.965,65
Erdos-Renyi,0.24,18,200,8,6,1.06258633513973,0.97,59
Erdos-Renyi,0.25,18,200,8,7,1.0735949326319179,0.965,58
Erdos-Renyi,0.26,18,200,8,7,1.0735949326319179,0.965,56
Erdos-Renyi,0.27,18,200,8,6,1.051801209571391,0.975,53
Erdos-Renyi,0.28,18,200,8,6,1.051801209571391,0.975,53
Erdos-Renyi,0.29,18,200,8,6,1.051801209571391,0.975,51
Erdos-Renyi,0.3,18,200,8,6,1.051801209571391,0.975,50
Erdos-Renyi,0.31,18,200,8,5,1.0411244143675167,0.98,50
Erdos-Renyi,0.32,18,200,8,5,1.0411244143675167,0.98,48
Erdos-Renyi,0.33,18,200,8,4,1.0306090899721734,0.985,50
Erdos-Renyi,0.34,18,200,8,4,1.0306090899721734,0.985,50
Erdos-Renyi,0.35,18,200,8,4,1.0306090899721734,0.985,49
Erdos-Renyi,0.17,19,200,8,13,1.2326656394453002,0.9,151
Erdos-Renyi,0.18,19,200,8,13,1.2326656394453002,0.9,103
Erdos-Renyi,0.19,19,200,8,11,1.1678150181011326,0.925,94
Erdos-Renyi,0.2,19,200,8,11,1.1678150181011326,0.925,70
Erdos-Renyi,0.21,19,200,8,11,1.1678150181011326,0.925,66
Erdos-Renyi,0.22,19,200,8,10,1.1553347582462017,0.93,64
Erdos-Renyi,0.23,19,200,8,8,1.0960705869457994,0.955,61
Erdos-Renyi,0.24,19,200,8,8,1.1191315539141626,0.945,59
Erdos-Renyi,0.25,19,200,8,7,1.0847163466753444,0.96,55
Erdos-Renyi,0.26,19,200,8,5,1.051745898190997,0.975,55
Erdos-Renyi,0.27,19,200,8,4,1.0410702201863518,0.98,54
Erdos-Renyi,0.28,19,200,8,4,1.0410702201863518,0.98,52
Erdos-Renyi,0.29,19,200,8,4,1.0410702201863518,0.98,52
Erdos-Renyi,0.3,19,200,8,4,1.0410702201863518,0.98,50
Erdos-Renyi,0.31,19,200,8,3,1.0305559849538826,0.985,50
Erdos-Renyi,0.32,19,200,8,3,1.0202520022445545,0.99,50
Erdos-Renyi,0.33,19,200,8,3,1.0202520022445545,0.99,49
Erdos-Renyi,0.34,19,200,8,2,1.010049997474875,0.995,57
Erdos-Renyi,0.35,19,200,8,2,1.010049997474875,0.995,52
Erdos-Renyi,0.17,20,200,8,11,2.052123948286477,0.62,301
Erdos-Renyi,0.18,20,200,8,10,1.936483346243222,0.655,206
Erdos-Renyi,0.19,20,200,8,8,1.0847751803438737,0.96,82
Erdos-Renyi,0.2,20,200,8,7,1.0735949326319179,0.965,84
Erdos-Renyi,0.21,20,200,8,7,1.0735949326319179,0.965,74
Erdos-Renyi,0.22,20,200,8,7,1.062642792625259,0.97,72
Erdos-Renyi,0.23,20,200,8,6,1.051801209571391,0.975,70
Erdos-Renyi,0.24,20,200,8,4,1.0306090899721734,0.985,69
Erdos-Renyi,0.25,20,200,8,4,1.0306090899721734,0.985,67
Erdos-Renyi,0.26,20,200,8,4,1.0306090899721734,0.985,66
Erdos-Renyi,0.27,20,200,8,5,1.041124414367517,0.98,65
Erdos-Renyi,0.28,20,200,8,4,1.0306090899721734,0.985,65
Erdos-Renyi,0.29,20,200,8,5,1.041124414367517,0.98,64
Erdos-Renyi,0.3,20,200,8,4,1.0306090899721734,0.985,64
Erdos-Renyi,0.31,20,200,8,3,1.0202520022445543,0.99,63
Erdos-Renyi,0.32,20,200,8,3,1.0202520022445543,0.99,63
Erdos-Renyi,0.33,20,200,8,3,1.0202520022445543,0.99,63
Erdos-Renyi,0.34,20,200,8,3,1.0202520022445543,0.99,62
Erdos-Renyi,0.35,20,200,8,3,1.0202520022445543,0.99,62
Erdos-Renyi,0.17,21,200,8,9,2.1605271686291454,0.51,333
Erdos-Renyi,0.18,21,200,8,7,2.1335609131640707,0.52,401
Erdos-Renyi,0.19,21,200,8,9,2.1605271686291454,0.51,333
Erdos-Renyi,0.2,21,200,8,8,2.126076326140108,0.53,331
Erdos-Renyi,0.21,21,200,8,8,2.1406400513753616,0.535,333
Erdos-Renyi,0.22,21,200,8,7,2.0927069163963585,0.545,329
Erdos-Renyi,0.23,21,200,8,7,2.0927069163963585,0.545,329
Erdos-Renyi,0.24,21,200,8,4,1.051690592627649,0.975,70
Erdos-Renyi,0.25,21,200,8,5,1.051745898190997,0.975,60
Erdos-Renyi,0.26,21,200,8,5,1.051745898190997,0.975,57
Erdos-Renyi,0.27,21,200,8,4,1.0410702201863515,0.98,55
Erdos-Renyi,0.28,21,200,8,4,1.0410702201863515,0.98,54
Erdos-Renyi,0.29,21,200,8,3,1.0410160316468875,0.98,54
Erdos-Renyi,0.3,21,200,8,3,1.0410160316468875,0.98,53
Erdos-Renyi,0.31,21,200,8,3,1.0305559849538826,0.985,52
Erdos-Renyi,0.32,21,200,8,3,1.0305559849538826,0.985,52
Erdos-Renyi,0.33,21,200,8,3,1.0305559849538826,0.985,51
Erdos-Renyi,0.34,21,200,8,3,1.0305559849538826,0.985,51
Erdos-Renyi,0.35,21,200,8,3,1.0202520022445543,0.99,51
Erdos-Renyi,0.17,22,200,8,7,2.1447721179624666,0.495,160
Erdos-Renyi,0.18,22,200,8,7,2.143392991104919,0.5,155
Erdos-Renyi,0.19,22,200,8,6,2.120665889089174,0.505,153
Erdos-Renyi,0.2,22,200,8,4,2.079434393844874,0.505,152
Erdos-Renyi,0.21,22,200,8,6,2.1186440677966103,0.51,165
Erdos-Renyi,0.22,22,200,8,3,1.0409618487482435,0.98,190
Erdos-Renyi,0.23,22,200,8,3,1.0409618487482435,0.98,99
Erdos-Renyi,0.24,22,200,8,3,1.0305559849538826,0.985,108
Erdos-Renyi,0.25,22,200,8,3,1.0305559849538826,0.985,68
Erdos-Renyi,0.26,22,200,8,3,1.0202520022445545,0.99,62
Erdos-Renyi,0.27,22,200,8,3,1.0202520022445545,0.99,57
Erdos-Renyi,0.28,22,200,8,4,1.0410702201863518,0.98,58
Erdos-Renyi,0.29,22,200,8,3,1.0202520022445545,0.99,57
Erdos-Renyi,0.3,22,200,8,3,1.0202520022445545,0.99,56
Erdos-Renyi,0.31,22,200,8,3,1.0202520022445545,0.99,54
Erdos-Renyi,0.32,22,200,8,4,1.0410702201863518,0.98,50
Erdos-Renyi,0.33,22,200,8,4,1.0410702201863518,0.98,51
Erdos-Renyi,0.34,22,200,8,4,1.0410702201863518,0.98,51
Erdos-Renyi,0.35,22,200,8,4,1.0410702201863518,0.98,50
Erdos-Renyi,0.17,23,200,8,9,2.1687269572760792,0.485,149
Erdos-Renyi,0.18,23,200,8,9,1.1076036993963558,0.95,96
Erdos-Renyi,0.19,23,200,8,6,1.0735373054213635,0.965,75
Erdos-Renyi,0.2,23,200,8,6,1.06258633513973,0.97,76
Erdos-Renyi,0.21,23,200,8,5,1.0625298836529777,0.97,68
Erdos-Renyi,0.22,23,200,8,5,1.051745898190997,0.975,62
Erdos-Renyi,0.23,23,200,8,5,1.051745898190997,0.975,60
Erdos-Renyi,0.24,23,200,8,4,1.0410702201863515,0.98,58
Erdos-Renyi,0.25,23,200,8,3,1.0202520022445543,0.99,56
Erdos-Renyi,0.26,23,200,8,3,1.0202520022445543,0.99,56
Erdos-Renyi,0.27,23,200,8,3,1.0202520022445543,0.99,53
Erdos-Renyi,0.28,23,200,8,2,1.010049997474875,0.995,52
Erdos-Renyi,0.29,23,200,8,2,1.010049997474875,0.995,52
Erdos-Renyi,0.3,23,200,8,2,1.010049997474875,0.995,51
Erdos-Renyi,0.31,23,200,8,2,1.010049997474875,0.995,51
Erdos-Renyi,0.32,23,200,8,2,1.010049997474875,0.995,50
Erdos-Renyi,0.33,23,200,8,2,1.010049997474875,0.995,50
Erdos-Renyi,0.34,23,200,8,2,1.010049997474875,0.995,50
Erdos-Renyi,0.35,23,200,8,2,1.010049997474875,0.995,49
Watts-Strogatz,0.17,0,200,8,12,1.5489467162329607,0.8,391
Watts-Strogatz,0.18,0,200,8,9,1.4756880395484397,0.82,398
Watts-Strogatz,0.19,0,200,8,7,1.2997985312276596,0.875,312
Watts-Strogatz,0.2,0,200,8,6,1.1660447761194028,0.925,299
Watts-Strogatz,0.21,0,200,8,6,1.1660447761194028,0.925,300
Watts-Strogatz,0.22,0,200,8,6,1.1660447761194028,0.925,290
Watts-Strogatz,0.23,0,200,8,3,1.094511027198599,0.955,253
Watts-Strogatz,0.24,0,200,8,3,1.094511027198599,0.955,249
Watts-Strogatz,0.25,0,200,8,3,1.083599718264073,0.96,258
Watts-Strogatz,0.26,0,200,8,1,1.0,1.0,255
Watts-Strogatz,0.27,0,200,8,1,1.0,1.0,252
Watts-Strogatz,0.28,0,200,8,1,1.0,1.0,252
Watts-Strogatz,0.29,0,200,8,1,1.0,1.0,249
Watts-Strogatz,0.3,0,200,8,1,1.0,1.0,249
Watts-Strogatz,0.31,0,200,8,1,1.0,1.0,248
Watts-Strogatz,0.32,0,200,8,1,1.0,1.0,248
Watts-Strogatz,0.33,0,200,8,1,1.0,1.0,249
Watts-Strogatz,0.34,0,200,8,1,1.0,1.0,250
Watts-Strogatz,0.35,0,200,8,1,1.0,1.0,252
Watts-Strogatz,0.17,1,200,8,9,2.289639381797367,0.525,972
Watts-Strogatz,0.18,1,200,8,8,2.28675966155957,0.54,872
Watts-Strogatz,0.19,1,200,8,7,1.154867767640605,0.93,291
Watts-Strogatz,0.2,1,200,8,7,1.1924636298592892,0.915,261
Watts-Strogatz,0.21,1,200,8,7,1.192534732574086,0.915,258
Watts-Strogatz,0.22,1,200,8,7,1.1549344574695386,0.93,248
Watts-Strogatz,0.23,1,200,8,7,1.1673378859510886,0.925,248
Watts-Strogatz,0.24,1,200,8,7,1.1673378859510886,0.925,248
Watts-Strogatz,0.25,1,200,8,6,1.1307100859339667,0.94,241
Watts-Strogatz,0.26,1,200,8,6,1.118881118881119,0.945,239
Watts-Strogatz,0.27,1,200,8,6,1.118881118881119,0.945,237
Watts-Strogatz,0.28,1,200,8,6,1.118881118881119,0.945,237
Watts-Strogatz,0.29,1,200,8,5,1.095710294198214,0.955,230
Watts-Strogatz,0.3,1,200,8,4,1.0843634786380396,0.96,241
Watts-Strogatz,0.31,1,200,8,4,1.0843634786380396,0.96,240
Watts-Strogatz,0.32,1,200,8,3,1.0622477161674104,0.97,259
Watts-Strogatz,0.33,1,200,8,3,1.0514694285263657,0.975,218
Watts-Strogatz,0.34,1,200,8,3,1.0514694285263657,0.975,247
Watts-Strogatz,0.35,1,200,8,3,1.0514694285263657,0.975,247
Watts-Strogatz,0.17,2,200,8,10,2.5233409033560434,0.545,790
Watts-Strogatz,0.18,2,200,8,11,2.0124773596297043,0.685,645
Watts-Strogatz,0.19,2,200,8,10,1.437711163827187,0.83,513
Watts-Strogatz,0.2,2,200,8,9,1.4207572636215102,0.835,514
Watts-Strogatz,0.21,2,200,8,7,1.107297087808659,0.95,313
Watts-Strogatz,0.22,2,200,8,6,1.0957703265395573,0.955,348
Watts-Strogatz,0.23,2,200,8,4,1.0410702201863515,0.98,319
Watts-Strogatz,0.24,2,200,8,4,1.0732492621411323,0.965,322
Watts-Strogatz,0.25,2,200,8,4,1.0732492621411323,0.965,319
Watts-Strogatz,0.26,2,200,8,4,1.0732492621411323,0.965,321
Watts-Strogatz,0.27,2,200,8,5,1.1071132023249377,0.95,320
Watts-Strogatz,0.28,2,200,8,4,1.0624169986719787,0.97,314
Watts-Strogatz,0.29,2,200,8,3,1.0305559849538826,0.985,312
Watts-Strogatz,0.3,2,200,8,4,1.0624169986719787,0.97,313
Watts-Strogatz,0.31,2,200,8,3,1.0305559849538826,0.985,309
Watts-Strogatz,0.32,2,200,8,3,1.0305559849538826,0.985,309
Watts-Strogatz,0.33,2,200,8,2,1.0201999591920017,0.99,314
Watts-Strogatz,0.34,2,200,8,2,1.0201999591920017,0.99,313
Watts-Strogatz,0.35,2,200,8,1,1.0,1.0,335
Watts-Strogatz,0.17,3,200,8,11,1.2996296055624144,0.875,590
Watts-Strogatz,0.18,3,200,8,13,1.2884937508053085,0.88,511
Watts-Strogatz,0.19,3,200,8,12,1.2599218848431397,0.89,439
Watts-Strogatz,0.2,3,200,8,11,1.2058362474375977,0.91,434
Watts-Strogatz,0.21,3,200,8,11,1.2058362474375977,0.91,381
Watts-Strogatz,0.22,3,200,8,8,1.1672016340822875,0.925,336
Watts-Strogatz,0.23,3,200,8,7,1.0735949326319179,0.965,341
Watts-Strogatz,0.24,3,200,8,6,1.06258633513973,0.97,278
Watts-Strogatz,0.25,3,200,8,6,1.06258633513973,0.97,299
Watts-Strogatz,0.26,3,200,8,5,1.051745898190997,0.975,292
Watts-Strogatz,0.27,3,200,8,5,1.051745898190997,0.975,290
Watts-Strogatz,0.28,3,200,8,5,1.051745898190997,0.975,288
Watts-Strogatz,0.29,3,200,8,5,1.051745898190997,0.975,273
Watts-Strogatz,0.3,3,200,8,5,1.051745898190997,0.975,264
Watts-Strogatz,0.31,3,200,8,4,1.0306090899721734,0.985,269
Watts-Strogatz,0.32,3,200,8,4,1.0306090899721734,0.985,269
Watts-Strogatz,0.33,3,200,8,4,1.0306090899721734,0.985,252
Watts-Strogatz,0.34,3,200,8,3,1.0202520022445543,0.99,258
Watts-Strogatz,0.35,3,200,8,3,1.0202520022445543,0.99,258
Watts-Strogatz,0.17,4,200,8,10,1.8627177051317871,0.695,1500
Watts-Strogatz,0.18,4,200,8,9,1.8623707980258872,0.69,747
Watts-Strogatz,0.19,4,200,8,5,1.0844222740335085,0.96,497
Watts-Strogatz,0.2,4,200,8,5,1.051745898190997,0.975,477
Watts-Strogatz,0.21,4,200,8,5,1.051745898190997,0.975,471
Watts-Strogatz,0.22,4,200,8,5,1.051745898190997,0.975,467
Watts-Strogatz,0.23,4,200,8,5,1.051745898190997,0.975,469
Watts-Strogatz,0.24,4,200,8,5,1.051745898190997,0.975,465
Watts-Strogatz,0.25,4,200,8,5,1.051745898190997,0.975,454
Watts-Strogatz,0.26,4,200,8,5,1.051745898190997,0.975,456
Watts-Strogatz,0.27,4,200,8,4,1.0410702201863515,0.98,451
Watts-Strogatz,0.28,4,200,8,3,1.0305559849538826,0.985,448
Watts-Strogatz,0.29,4,200,8,3,1.0202520022445545,0.99,448
Watts-Strogatz,0.3,4,200,8,3,1.0202520022445545,0.99,447
Watts-Strogatz,0.31,4,200,8,3,1.0202520022445545,0.99,446
Watts-Strogatz,0.32,4,200,8,3,1.0202520022445545,0.99,442
Watts-Strogatz,0.33,4,200,8,3,1.0202520022445545,0.99,440
Watts-Strogatz,0.34,4,200,8,2,1.010049997474875,0.995,436
Watts-Strogatz,0.35,4,200,8,2,1.010049997474875,0.995,436
Watts-Strogatz,0.17,5,200,8,9,2.1157304559399135,0.62,1050
Watts-Strogatz,0.18,5,200,8,8,1.6874789065136686,0.75,442
Watts-Strogatz,0.19,5,200,8,8,2.0496003279360524,0.63,854
Watts-Strogatz,0.2,5,200,8,7,1.154867767640605,0.93,339
Watts-Strogatz,0.21,5,200,8,5,1.1071132023249377,0.95,314
Watts-Strogatz,0.22,5,200,8,5,1.1071132023249377,0.95,296
Watts-Strogatz,0.23,5,200,8,5,1.1071132023249377,0.95,248
Watts-Strogatz,0.24,5,200,8,5,1.1071132023249377,0.95,246
Watts-Strogatz,0.25,5,200,8,5,1.1071132023249377,0.95,234
Watts-Strogatz,0.26,5,200,8,5,1.0844222740335085,0.96,233
Watts-Strogatz,0.27,5,200,8,5,1.0844222740335085,0.96,226
Watts-Strogatz,0.28,5,200,8,5,1.0844222740335085,0.96,228
Watts-Strogatz,0.29,5,200,8,4,1.0623041376746163,0.97,230
Watts-Strogatz,0.3,5,200,8,4,1.0623041376746163,0.97,230
Watts-Strogatz,0.31,5,200,8,4,1.0623041376746163,0.97,227
Watts-Strogatz,0.32,5,200,8,4,1.051635292880429,0.975,227
Watts-Strogatz,0.33,5,200,8,3,1.0409618487482433,0.98,225
Watts-Strogatz,0.34,5,200,8,1,1.0,1.0,224
Watts-Strogatz,0.35,5,200,8,1,1.0,1.0,223
Watts-Strogatz,0.17,6,200,8,12,1.4100394811054713,0.84,408
Watts-Strogatz,0.18,6,200,8,9,1.2585740356176451,0.89,442
Watts-Strogatz,0.19,6,200,8,10,1.2586532410320954,0.89,411
Watts-Strogatz,0.2,6,200,8,9,1.244864932154861,0.895,402
Watts-Strogatz,0.21,6,200,8,9,1.244864932154861,0.895,397
Watts-Strogatz,0.22,6,200,8,8,1.2311480455524777,0.9,366
Watts-Strogatz,0.23,6,200,8,8,1.2311480455524777,0.9,362
Watts-Strogatz,0.24,6,200,8,5,1.0734796843969727,0.965,296
Watts-Strogatz,0.25,6,200,8,6,1.17820324005891,0.92,350
Watts-Strogatz,0.26,6,200,8,6,1.17820324005891,0.92,347
Watts-Strogatz,0.27,6,200,8,5,1.0734796843969727,0.965,295
Watts-Strogatz,0.28,6,200,8,5,1.0734796843969727,0.965,254
Watts-Strogatz,0.29,6,200,8,5,1.0734796843969727,0.965,294
Watts-Strogatz,0.3,6,200,8,4,1.062473438164046,0.97,291
Watts-Strogatz,0.31,6,200,8,3,1.0410160316468875,0.98,277
Watts-Strogatz,0.32,6,200,8,2,1.0201999591920017,0.99,306
Watts-Strogatz,0.33,6,200,8,2,1.0201999591920017,0.99,295
Watts-Strogatz,0.34,6,200,8,2,1.0201999591920017,0.99,282
Watts-Strogatz,0.35,6,200,8,2,1.0201999591920017,0.99,290
Watts-Strogatz,0.17,7,200,8,8,1.8458698661744353,0.69,1500
Watts-Strogatz,0.18,7,200,8,9,1.3105301094292638,0.87,410
Watts-Strogatz,0.19,7,200,8,7,1.0959504630390706,0.955,268
Watts-Strogatz,0.2,7,200,8,10,1.2456402590931739,0.895,267
Watts-Strogatz,0.21,7,200,8,9,1.2442453651860146,0.895,263
Watts-Strogatz,0.22,7,200,8,8,1.1673378859510883,0.925,248
Watts-Strogatz,0.23,7,200,8,8,1.1798017932987257,0.92,249
Watts-Strogatz,0.24,7,200,8,6,1.107174490699734,0.95,249
Watts-Strogatz,0.25,7,200,8,6,1.107174490699734,0.95,240
Watts-Strogatz,0.26,7,200,8,6,1.107174490699734,0.95,242
Watts-Strogatz,0.27,7,200,8,5,1.0733068584308252,0.965,240
Watts-Strogatz,0.28,7,200,8,3,1.0202520022445543,0.99,234
Watts-Strogatz,0.29,7,200,8,3,1.0202520022445543,0.99,235
Watts-Strogatz,0.3,7,200,8,3,1.0202520022445543,0.99,236
Watts-Strogatz,0.31,7,200,8,2,1.010049997474875,0.995,238
Watts-Strogatz,0.32,7,200,8,2,1.010049997474875,0.995,238
Watts-Strogatz,0.33,7,200,8,2,1.010049997474875,0.995,239
Watts-Strogatz,0.34,7,200,8,2,1.010049997474875,0.995,239
Watts-Strogatz,0.35,7,200,8,2,1.010049997474875,0.995,239
Watts-Strogatz,0.17,8,200,8,9,1.838404265097895,0.715,1265
Watts-Strogatz,0.18,8,200,8,8,1.8373909049150214,0.715,1267
Watts-Strogatz,0.19,8,200,8,7,1.8102824040550325,0.72,1262
Watts-Strogatz,0.2,8,200,8,4,1.0732492621411323,0.965,385
Watts-Strogatz,0.21,8,200,8,4,1.0732492621411323,0.965,374
Watts-Strogatz,0.22,8,200,8,4,1.0732492621411323,0.965,363
Watts-Strogatz,0.23,8,200,8,4,1.0624169986719787,0.97,332
Watts-Strogatz,0.24,8,200,8,4,1.0624169986719787,0.97,310
Watts-Strogatz,0.25,8,200,8,4,1.051635292880429,0.975,277
Watts-Strogatz,0.26,8,200,8,4,1.0624169986719787,0.97,298
Watts-Strogatz,0.27,8,200,8,4,1.0624169986719787,0.97,285
Watts-Strogatz,0.28,8,200,8,4,1.0624169986719787,0.97,272
Watts-Strogatz,0.29,8,200,8,3,1.05157999894842,0.975,268
Watts-Strogatz,0.3,8,200,8,3,1.05157999894842,0.975,292
Watts-Strogatz,0.31,8,200,8,3,1.05157999894842,0.975,310
Watts-Strogatz,0.32,8,200,8,4,1.0954102311315588,0.955,290
Watts-Strogatz,0.33,8,200,8,4,1.0954102311315588,0.955,288
Watts-Strogatz,0.34,8,200,8,3,1.0409618487482433,0.98,290
Watts-Strogatz,0.35,8,200,8,2,1.0304497913339172,0.985,291
Watts-Strogatz,0.17,9,200,8,12,2.160527168629146,0.625,1500
Watts-Strogatz,0.18,9,200,8,14,1.3176966662274343,0.87,276
Watts-Strogatz,0.19,9,200,8,12,1.5150367396409359,0.805,762
Watts-Strogatz,0.2,9,200,8,9,1.1801498790346374,0.92,298
Watts-Strogatz,0.21,9,200,8,7,1.107481034387286,0.95,246
Watts-Strogatz,0.22,9,200,8,7,1.096010521701008,0.955,241
Watts-Strogatz,0.23,9,200,8,7,1.096010521701008,0.955,214
Watts-Strogatz,0.24,9,200,8,6,1.0735373054213633,0.965,199
Watts-Strogatz,0.25,9,200,8,6,1.0735373054213633,0.965,216
Watts-Strogatz,0.26,9,200,8,5,1.051745898190997,0.975,210
Watts-Strogatz,0.27,9,200,8,4,1.0410702201863515,0.98,212
Watts-Strogatz,0.28,9,200,8,4,1.0306090899721734,0.985,222
Watts-Strogatz,0.29,9,200,8,4,1.0306090899721734,0.985,219
Watts-Strogatz,0.3,9,200,8,4,1.0306090899721734,0.985,217
Watts-Strogatz,0.31,9,200,8,4,1.0306090899721734,0.985,204
Watts-Strogatz,0.32,9,200,8,4,1.0306090899721734,0.985,197
Watts-Strogatz,0.33,9,200,8,3,1.0202520022445543,0.99,191
Watts-Strogatz,0.34,9,200,8,3,1.0202520022445543,0.99,201
Watts-Strogatz,0.35,9,200,8,2,1.010049997474875,0.995,203
Watts-Strogatz,0.17,10,200,8,10,1.2178784557301179,0.905,350
Watts-Strogatz,0.18,10,200,8,8,1.1075423634954036,0.95,306
Watts-Strogatz,0.19,10,200,8,7,1.0847163466753444,0.96,308
Watts-Strogatz,0.2,10,200,8,6,1.06258633513973,0.97,302
Watts-Strogatz,0.21,10,200,8,5,1.051745898190997,0.975,314
Watts-Strogatz,0.22,10,200,8,5,1.051745898190997,0.975,303
Watts-Strogatz,0.23,10,200,8,5,1.041124414367517,0.98,300
Watts-Strogatz,0.24,10,200,8,5,1.051745898190997,0.975,286
Watts-Strogatz,0.25,10,200,8,4,1.0410702201863518,0.98,284
Watts-Strogatz,0.26,10,200,8,4,1.0410702201863518,0.98,281
Watts-Strogatz,0.27,10,200,8,4,1.0410702201863518,0.98,280
Watts-Strogatz,0.28,10,200,8,4,1.0410702201863518,0.98,273
Watts-Strogatz,0.29,10,200,8,4,1.0410702201863518,0.98,271
Watts-Strogatz,0.3,10,200,8,4,1.0410702201863518,0.98,269
Watts-Strogatz,0.31,10,200,8,4,1.0410702201863518,0.98,264
Watts-Strogatz,0.32,10,200,8,3,1.0305559849538826,0.985,255
Watts-Strogatz,0.33,10,200,8,2,1.010049997474875,0.995,234
Watts-Strogatz,0.34,10,200,8,2,1.010049997474875,0.995,231
Watts-Strogatz,0.35,10,200,8,2,1.010049997474875,0.995,227
Watts-Strogatz,0.17,11,200,8,11,2.4029796948215787,0.475,1459
Watts-Strogatz,0.18,11,200,8,10,1.4080540692762602,0.84,381
Watts-Strogatz,0.19,11,200,8,7,1.1794539128383557,0.92,344
Watts-Strogatz,0.2,11,200,8,6,1.1422044545973726,0.935,337
Watts-Strogatz,0.21,11,200,8,5,1.1067456145205026,0.95,308
Watts-Strogatz,0.22,11,200,8,4,1.0952302721647227,0.955,306
Watts-Strogatz,0.23,11,200,8,4,1.0732492621411323,0.965,339
Watts-Strogatz,0.24,11,200,8,5,1.0845398839542324,0.96,303
Watts-Strogatz,0.25,11,200,8,4,1.0624169986719787,0.97,335
Watts-Strogatz,0.26,11,200,8,4,1.0624169986719787,0.97,333
Watts-Strogatz,0.27,11,200,8,4,1.0624169986719787,0.97,333
Watts-Strogatz,0.28,11,200,8,2,1.010049997474875,0.995,329
Watts-Strogatz,0.29,11,200,8,2,1.010049997474875,0.995,326
Watts-Strogatz,0.3,11,200,8,2,1.010049997474875,0.995,327
Watts-Strogatz,0.31,11,200,8,3,1.0305559849538826,0.985,329
Watts-Strogatz,0.32,11,200,8,2,1.010049997474875,0.995,322
Watts-Strogatz,0.33,11,200,8,2,1.010049997474875,0.995,322
Watts-Strogatz,0.34,11,200,8,2,1.010049997474875,0.995,317
Watts-Strogatz,0.35,11,200,8,1,1.0,1.0,281
Watts-Strogatz,0.17,12,200,8,11,2.2136137244050915,0.485,1011
Watts-Strogatz,0.18,12,200,8,11,2.2163120567375882,0.56,589
Watts-Strogatz,0.19,12,200,8,9,1.1429877700308604,0.935,498
Watts-Strogatz,0.2,12,200,8,8,1.1190689346463742,0.945,349
Watts-Strogatz,0.21,12,200,8,7,1.1073583965450418,0.95,308
Watts-Strogatz,0.22,12,200,8,7,1.1073583965450418,0.95,292
Watts-Strogatz,0.23,12,200,8,6,1.095830365459427,0.955,290
Watts-Strogatz,0.24,12,200,8,4,1.0306090899721736,0.985,295
Watts-Strogatz,0.25,12,200,8,4,1.0306090899721736,0.985,293
Watts-Strogatz,0.26,12,200,8,3,1.0202520022445545,0.99,293
Watts-Strogatz,0.27,12,200,8,4,1.0516352928804291,0.975,268
Watts-Strogatz,0.28,12,200,8,4,1.0516352928804291,0.975,263
Watts-Strogatz,0.29,12,200,8,5,1.062473438164046,0.97,260
Watts-Strogatz,0.3,12,200,8,3,1.0202520022445545,0.99,282
Watts-Strogatz,0.31,12,200,8,3,1.0202520022445545,0.99,282
Watts-Strogatz,0.32,12,200,8,3,1.0202520022445545,0.99,279
Watts-Strogatz,0.33,12,200,8,3,1.0202520022445545,0.99,286
Watts-Strogatz,0.34,12,200,8,3,1.0202520022445545,0.99,284
Watts-Strogatz,0.35,12,200,8,3,1.0202520022445545,0.99,278
Watts-Strogatz,0.17,13,200,8,11,1.3430029546065,0.86,365
Watts-Strogatz,0.18,13,200,8,8,1.107481034387286,0.95,351
Watts-Strogatz,0.19,13,200,8,7,1.0959504630390706,0.955,360
Watts-Strogatz,0.2,13,200,8,7,1.0959504630390706,0.955,339
Watts-Strogatz,0.21,13,200,8,7,1.0735949326319179,0.965,339
Watts-Strogatz,0.22,13,200,8,7,1.0735949326319179,0.965,322
Watts-Strogatz,0.23,13,200,8,7,1.0735949326319179,0.965,309
Watts-Strogatz,0.24,13,200,8,7,1.0735949326319179,0.965,280
Watts-Strogatz,0.25,13,200,8,6,1.06258633513973,0.97,285
Watts-Strogatz,0.26,13,200,8,6,1.06258633513973,0.97,294
Watts-Strogatz,0.27,13,200,8,6,1.06258633513973,0.97,294
Watts-Strogatz,0.28,13,200,8,6,1.06258633513973,0.97,282
Watts-Strogatz,0.29,13,200,8,4,1.0410702201863515,0.98,305
Watts-Strogatz,0.3,13,200,8,3,1.0305559849538826,0.985,296
Watts-Strogatz,0.31,13,200,8,3,1.0305559849538826,0.985,299
Watts-Strogatz,0.32,13,200,8,3,1.0305559849538826,0.985,298
Watts-Strogatz,0.33,13,200,8,3,1.0305559849538826,0.985,300
Watts-Strogatz,0.34,13,200,8,2,1.010049997474875,0.995,302
Watts-Strogatz,0.35,13,200,8,2,1.010049997474875,0.995,304
Watts-Strogatz,0.17,14,200,8,10,1.1928903733746865,0.915,361
Watts-Strogatz,0.18,14,200,8,11,1.5908367801463565,0.785,531
Watts-Strogatz,0.19,14,200,8,8,1.269921899803162,0.885,325
Watts-Strogatz,0.2,14,200,8,7,1.1190063223857214,0.945,305
Watts-Strogatz,0.21,14,200,8,7,1.1073583965450415,0.95,316
Watts-Strogatz,0.22,14,200,8,6,1.0958303654594268,0.955,286
Watts-Strogatz,0.23,14,200,8,5,1.0844810758052272,0.96,256
Watts-Strogatz,0.24,14,200,8,4,1.051635292880429,0.975,245
Watts-Strogatz,0.25,14,200,8,5,1.1183180496533214,0.945,266
Watts-Strogatz,0.26,14,200,8,2,1.010049997474875,0.995,280
Watts-Strogatz,0.27,14,200,8,2,1.010049997474875,0.995,280
Watts-Strogatz,0.28,14,200,8,2,1.010049997474875,0.995,284
Watts-Strogatz,0.29,14,200,8,2,1.010049997474875,0.995,284
Watts-Strogatz,0.3,14,200,8,2,1.010049997474875,0.995,281
Watts-Strogatz,0.31,14,200,8,2,1.010049997474875,0.995,282
Watts-Strogatz,0.32,14,200,8,2,1.010049997474875,0.995,282
Watts-Strogatz,0.33,14,200,8,2,1.010049997474875,0.995,283
Watts-Strogatz,0.34,14,200,8,2,1.010049997474875,0.995,283
Watts-Strogatz,0.35,14,200,8,2,1.010049997474875,0.995,281
Watts-Strogatz,0.17,15,200,8,9,1.3291686050375489,0.865,370
Watts-Strogatz,0.18,15,200,8,8,1.314060446780552,0.87,346
Watts-Strogatz,0.19,15,200,8,6,1.2158054711246198,0.905,363
Watts-Strogatz,0.2,15,200,8,5,1.0845398839542324,0.96,346
Watts-Strogatz,0.21,15,200,8,6,1.1189437171310281,0.945,318
Watts-Strogatz,0.22,15,200,8,5,1.107235785860599,0.95,306
Watts-Strogatz,0.23,15,200,8,5,1.107235785860599,0.95,305
Watts-Strogatz,0.24,15,200,8,4,1.0844222740335085,0.96,301
Watts-Strogatz,0.25,15,200,8,4,1.0844222740335085,0.96,300
Watts-Strogatz,0.26,15,200,8,5,1.107235785860599,0.95,302
Watts-Strogatz,0.27,15,200,8,5,1.107235785860599,0.95,300
Watts-Strogatz,0.28,15,200,8,5,1.107235785860599,0.95,294
Watts-Strogatz,0.29,15,200,8,3,1.05157999894842,0.975,276
Watts-Strogatz,0.3,15,200,8,3,1.05157999894842,0.975,272
Watts-Strogatz,0.31,15,200,8,2,1.0304497913339172,0.985,270
Watts-Strogatz,0.32,15,200,8,2,1.0304497913339172,0.985,273
Watts-Strogatz,0.33,15,200,8,2,1.0304497913339172,0.985,273
Watts-Strogatz,0.34,15,200,8,2,1.0304497913339172,0.985,275
Watts-Strogatz,0.35,15,200,8,2,1.0304497913339172,0.985,273
Watts-Strogatz,0.17,16,200,8,11,1.2739664946811897,0.885,496
Watts-Strogatz,0.18,16,200,8,10,1.2458730455366598,0.895,455
Watts-Strogatz,0.19,16,200,8,10,1.2458730455366598,0.895,439
Watts-Strogatz,0.2,16,200,8,11,1.439366678661389,0.83,451
Watts-Strogatz,0.21,16,200,8,9,1.3534546931041482,0.855,409
Watts-Strogatz,0.22,16,200,8,9,1.3380611493945271,0.86,410
Watts-Strogatz,0.23,16,200,8,9,1.3574046423238768,0.855,396
Watts-Strogatz,0.24,16,200,8,8,1.1191315539141626,0.945,334
Watts-Strogatz,0.25,16,200,8,8,1.1191315539141626,0.945,331
Watts-Strogatz,0.26,16,200,8,8,1.1191315539141626,0.945,328
Watts-Strogatz,0.27,16,200,8,7,1.0847163466753444,0.96,326
Watts-Strogatz,0.28,16,200,8,5,1.0625298836529777,0.97,314
Watts-Strogatz,0.29,16,200,8,5,1.0625298836529777,0.97,314
Watts-Strogatz,0.3,16,200,8,5,1.0625298836529777,0.97,315
Watts-Strogatz,0.31,16,200,8,5,1.0625298836529777,0.97,315
Watts-Strogatz,0.32,16,200,8,5,1.0625298836529777,0.97,315
Watts-Strogatz,0.33,16,200,8,4,1.0410702201863515,0.98,312
Watts-Strogatz,0.34,16,200,8,4,1.0410702201863515,0.98,311
Watts-Strogatz,0.35,16,200,8,3,1.0305559849538826,0.985,310
Watts-Strogatz,0.17,17,200,8,7,1.1190689346463742,0.945,600
Watts-Strogatz,0.18,17,200,8,13,2.486943546381497,0.45,850
Watts-Strogatz,0.19,17,200,8,9,2.25123818099955,0.5,1074
Watts-Strogatz,0.2,17,200,8,7,2.166377816291161,0.495,1095
Watts-Strogatz,0.21,17,200,8,6,1.084657519388253,0.96,531
Watts-Strogatz,0.22,17,200,8,6,1.084657519388253,0.96,510
Watts-Strogatz,0.23,17,200,8,5,1.0734796843969727,0.965,310
Watts-Strogatz,0.24,17,200,8,5,1.0734796843969727,0.965,311
Watts-Strogatz,0.25,17,200,8,5,1.0734796843969727,0.965,332
Watts-Strogatz,0.26,17,200,8,4,1.051690592627649,0.975,325
Watts-Strogatz,0.27,17,200,8,4,1.051690592627649,0.975,321
Watts-Strogatz,0.28,17,200,8,3,1.0410160316468875,0.98,282
Watts-Strogatz,0.29,17,200,8,3,1.0410160316468875,0.98,285
Watts-Strogatz,0.3,17,200,8,3,1.0410160316468875,0.98,285
Watts-Strogatz,0.31,17,200,8,3,1.0410160316468875,0.98,287
Watts-Strogatz,0.32,17,200,8,3,1.0305559849538826,0.985,276
Watts-Strogatz,0.33,17,200,8,3,1.0410160316468875,0.98,285
Watts-Strogatz,0.34,17,200,8,3,1.0305559849538826,0.985,277
Watts-Strogatz,0.35,17,200,8,3,1.0410160316468875,0.98,286
Watts-Strogatz,0.17,18,200,8,15,2.3172285946008575,0.62,1500
Watts-Strogatz,0.18,18,200,8,11,2.2021581149526535,0.635,1500
Watts-Strogatz,0.19,18,200,8,8,1.6782747335738861,0.745,1500
Watts-Strogatz,0.2,18,200,8,6,1.1070519207350824,0.95,357
Watts-Strogatz,0.21,18,200,8,6,1.1070519207350824,0.95,365
Watts-Strogatz,0.22,18,200,8,4,1.0306090899721734,0.985,342
Watts-Strogatz,0.23,18,200,8,4,1.0410702201863515,0.98,351
Watts-Strogatz,0.24,18,200,8,4,1.0410702201863515,0.98,327
Watts-Strogatz,0.25,18,200,8,4,1.0410702201863515,0.98,328
Watts-Strogatz,0.26,18,200,8,2,1.0201999591920017,0.99,317
Watts-Strogatz,0.27,18,200,8,2,1.0201999591920017,0.99,307
Watts-Strogatz,0.28,18,200,8,2,1.0201999591920017,0.99,303
Watts-Strogatz,0.29,18,200,8,2,1.0201999591920017,0.99,299
Watts-Strogatz,0.3,18,200,8,2,1.0201999591920017,0.99,299
Watts-Strogatz,0.31,18,200,8,2,1.0201999591920017,0.99,298
Watts-Strogatz,0.32,18,200,8,2,1.0201999591920017,0.99,297
Watts-Strogatz,0.33,18,200,8,2,1.010049997474875,0.995,296
Watts-Strogatz,0.34,18,200,8,2,1.010049997474875,0.995,298
Watts-Strogatz,0.35,18,200,8,2,1.010049997474875,0.995,298
Watts-Strogatz,0.17,19,200,8,10,1.3126804935678655,0.87,337
Watts-Strogatz,0.18,19,200,8,11,1.3306719893546237,0.865,371
Watts-Strogatz,0.19,19,200,8,10,1.1675423234092235,0.925,403
Watts-Strogatz,0.2,19,200,8,10,1.1675423234092235,0.925,395
Watts-Strogatz,0.21,19,200,8,7,1.17820324005891,0.92,344
Watts-Strogatz,0.22,19,200,8,8,1.1307740148131395,0.94,361
Watts-Strogatz,0.23,19,200,8,8,1.1307740148131395,0.94,342
Watts-Strogatz,0.24,19,200,8,7,1.17820324005891,0.92,324
Watts-Strogatz,0.25,19,200,8,8,1.1307740148131395,0.94,340
Watts-Strogatz,0.26,19,200,8,6,1.1071744906997343,0.95,317
Watts-Strogatz,0.27,19,200,8,6,1.1071744906997343,0.95,329
Watts-Strogatz,0.28,19,200,8,6,1.1071744906997343,0.95,326
Watts-Strogatz,0.29,19,200,8,6,1.1071744906997343,0.95,325
Watts-Strogatz,0.3,19,200,8,6,1.1071744906997343,0.95,325
Watts-Strogatz,0.31,19,200,8,6,1.1071744906997343,0.95,325
Watts-Strogatz,0.32,19,200,8,4,1.0623041376746163,0.97,302
Watts-Strogatz,0.33,19,200,8,2,1.0407993338884265,0.98,309
Watts-Strogatz,0.34,19,200,8,1,1.0,1.0,295
Watts-Strogatz,0.35,19,200,8,1,1.0,1.0,295
Watts-Strogatz,0.17,20,200,8,11,1.7409470752089133,0.75,549
Watts-Strogatz,0.18,20,200,8,10,1.7546938059308648,0.745,487
Watts-Strogatz,0.19,20,200,8,9,1.6964967342437869,0.76,530
Watts-Strogatz,0.2,20,200,8,8,1.556541365086777,0.795,423
Watts-Strogatz,0.21,20,200,8,8,1.3131114175037752,0.87,371
Watts-Strogatz,0.22,20,200,8,8,1.313111417503775,0.87,383
Watts-Strogatz,0.23,20,200,8,7,1.2427763623935872,0.895,363
Watts-Strogatz,0.24,20,200,8,6,1.107297087808659,0.95,338
Watts-Strogatz,0.25,20,200,8,6,1.107297087808659,0.95,337
Watts-Strogatz,0.26,20,200,8,5,1.1186933661483387,0.945,354
Watts-Strogatz,0.27,20,200,8,4,1.0733068584308254,0.965,331
Watts-Strogatz,0.28,20,200,8,3,1.0409618487482433,0.98,338
Watts-Strogatz,0.29,20,200,8,3,1.0202520022445543,0.99,336
Watts-Strogatz,0.3,20,200,8,3,1.0202520022445543,0.99,332
Watts-Strogatz,0.31,20,200,8,3,1.0202520022445543,0.99,334
Watts-Strogatz,0.32,20,200,8,3,1.0202520022445543,0.99,333
Watts-Strogatz,0.33,20,200,8,2,1.010049997474875,0.995,331
Watts-Strogatz,0.34,20,200,8,2,1.010049997474875,0.995,331
Watts-Strogatz,0.35,20,200,8,2,1.010049997474875,0.995,330
Watts-Strogatz,0.17,21,200,8,6,2.0714655618850335,0.525,550
Watts-Strogatz,0.18,21,200,8,6,2.0766275568476793,0.515,547
Watts-Strogatz,0.19,21,200,8,5,1.041124414367517,0.98,365
Watts-Strogatz,0.2,21,200,8,3,1.0202520022445543,0.99,336
Watts-Strogatz,0.21,21,200,8,3,1.0202520022445543,0.99,291
Watts-Strogatz,0.22,21,200,8,3,1.0202520022445543,0.99,288
Watts-Strogatz,0.23,21,200,8,3,1.0202520022445543,0.99,282
Watts-Strogatz,0.24,21,200,8,2,1.010049997474875,0.995,278
Watts-Strogatz,0.25,21,200,8,2,1.010049997474875,0.995,276
Watts-Strogatz,0.26,21,200,8,2,1.010049997474875,0.995,267
Watts-Strogatz,0.27,21,200,8,2,1.010049997474875,0.995,264
Watts-Strogatz,0.28,21,200,8,2,1.010049997474875,0.995,257
Watts-Strogatz,0.29,21,200,8,2,1.010049997474875,0.995,254
Watts-Strogatz,0.3,21,200,8,2,1.010049997474875,0.995,254
Watts-Strogatz,0.31,21,200,8,2,1.010049997474875,0.995,251
Watts-Strogatz,0.32,21,200,8,2,1.010049997474875,0.995,251
Watts-Strogatz,0.33,21,200,8,2,1.010049997474875,0.995,250
Watts-Strogatz,0.34,21,200,8,2,1.010049997474875,0.995,249
Watts-Strogatz,0.35,21,200,8,2,1.010049997474875,0.995,248
Watts-Strogatz,0.17,22,200,8,12,2.401825387294344,0.54,1500
Watts-Strogatz,0.18,22,200,8,9,1.1916110581506194,0.915,552
Watts-Strogatz,0.19,22,200,8,10,2.28232340522652,0.56,1500
Watts-Strogatz,0.2,22,200,8,9,1.1663167716351759,0.925,490
Watts-Strogatz,0.21,22,200,8,7,2.0230629172567265,0.62,1500
Watts-Strogatz,0.22,22,200,8,6,1.1068068622025455,0.95,448
Watts-Strogatz,0.23,22,200,8,7,2.046245140167792,0.61,1500
Watts-Strogatz,0.24,22,200,8,7,2.0787859889824345,0.595,1135
Watts-Strogatz,0.25,22,200,8,6,1.1068068622025455,0.95,410
Watts-Strogatz,0.26,22,200,8,6,1.1068068622025455,0.95,391
Watts-Strogatz,0.27,22,200,8,7,1.2815583749839803,0.88,439
Watts-Strogatz,0.28,22,200,8,5,1.253211354094868,0.89,411
Watts-Strogatz,0.29,22,200,8,4,1.083952089317652,0.96,351
Watts-Strogatz,0.3,22,200,8,4,1.083952089317652,0.96,350
Watts-Strogatz,0.31,22,200,8,4,1.083952089317652,0.96,348
Watts-Strogatz,0.32,22,200,8,3,1.072788714262726,0.965,348
Watts-Strogatz,0.33,22,200,8,3,1.072788714262726,0.965,344
Watts-Strogatz,0.34,22,200,8,3,1.072788714262726,0.965,343
Watts-Strogatz,0.35,22,200,8,3,1.072788714262726,0.965,342
Watts-Strogatz,0.17,23,200,8,12,1.3783597518952446,0.85,486
Watts-Strogatz,0.18,23,200,8,12,1.5219541891789052,0.805,730
Watts-Strogatz,0.19,23,200,8,14,1.7628911414720136,0.745,682
Watts-Strogatz,0.2,23,200,8,11,1.2325896708985578,0.9,437
Watts-Strogatz,0.21,23,200,8,11,1.2733176290825745,0.885,405
Watts-Strogatz,0.22,23,200,8,10,1.2183978068839474,0.905,367
Watts-Strogatz,0.23,23,200,8,9,1.1793148180906892,0.92,356
Watts-Strogatz,0.24,23,200,8,7,1.0735949326319179,0.965,330
Watts-Strogatz,0.25,23,200,8,6,1.06258633513973,0.97,330
Watts-Strogatz,0.26,23,200,8,5,1.0411244143675167,0.98,330
Watts-Strogatz,0.27,23,200,8,5,1.0411244143675167,0.98,329
Watts-Strogatz,0.28,23,200,8,3,1.0202520022445543,0.99,317
Watts-Strogatz,0.29,23,200,8,3,1.0202520022445543,0.99,311
Watts-Strogatz,0.3,23,200,8,3,1.0202520022445543,0.99,316
Watts-Strogatz,0.31,23,200,8,3,1.0202520022445543,0.99,314
Watts-Strogatz,0.32,23,200,8,3,1.0202520022445543,0.99,315
Watts-Strogatz,0.33,23,200,8,3,1.0202520022445543,0.99,308
Watts-Strogatz,0.34,23,200,8,2,1.010049997474875,0.995,309
Watts-Strogatz,0.35,23,200,8,2,1.010049997474875,0.995,297
Barabasi-Albert,0.17,0,200,8,7,1.0847163466753442,0.96,201
Barabasi-Albert,0.18,0,200,8,7,1.096010521701008,0.955,74
Barabasi-Albert,0.19,0,200,8,7,1.096010521701008,0.955,69
Barabasi-Albert,0.2,0,200,8,8,1.1191315539141626,0.945,63
Barabasi-Albert,0.21,0,200,8,8,1.107481034387286,0.95,61
Barabasi-Albert,0.22,0,200,8,6,1.06258633513973,0.97,63
Barabasi-Albert,0.23,0,200,8,6,1.06258633513973,0.97,62
Barabasi-Albert,0.24,0,200,8,7,1.0735949326319179,0.965,61
Barabasi-Albert,0.25,0,200,8,6,1.06258633513973,0.97,57
Barabasi-Albert,0.26,0,200,8,6,1.06258633513973,0.97,57
Barabasi-Albert,0.27,0,200,8,6,1.06258633513973,0.97,56
Barabasi-Albert,0.28,0,200,8,6,1.06258633513973,0.97,55
Barabasi-Albert,0.29,0,200,8,5,1.051745898190997,0.975,54
Barabasi-Albert,0.3,0,200,8,5,1.051745898190997,0.975,54
Barabasi-Albert,0.31,0,200,8,5,1.051745898190997,0.975,54
Barabasi-Albert,0.32,0,200,8,5,1.051745898190997,0.975,53
Barabasi-Albert,0.33,0,200,8,5,1.051745898190997,0.975,53
Barabasi-Albert,0.34,0,200,8,5,1.051745898190997,0.975,53
Barabasi-Albert,0.35,0,200,8,5,1.051745898190997,0.975,52
Barabasi-Albert,0.17,1,200,8,10,2.2048285745783267,0.53,167
Barabasi-Albert,0.18,1,200,8,9,2.148458481039854,0.545,201
Barabasi-Albert,0.19,1,200,8,7,1.0847163466753444,0.96,290
Barabasi-Albert,0.2,1,200,8,7,1.0847163466753444,0.96,96
Barabasi-Albert,0.21,1,200,8,5,1.0625298836529777,0.97,96
Barabasi-Albert,0.22,1,200,8,5,1.0625298836529777,0.97,82
Barabasi-Albert,0.23,1,200,8,4,1.0410702201863515,0.98,68
Barabasi-Albert,0.24,1,200,8,4,1.0410702201863515,0.98,57
Barabasi-Albert,0.25,1,200,8,4,1.051690592627649,0.975,55
Barabasi-Albert,0.26,1,200,8,3,1.0305559849538826,0.985,50
Barabasi-Albert,0.27,1,200,8,3,1.0305559849538826,0.985,49
Barabasi-Albert,0.28,1,200,8,3,1.0305559849538826,0.985,48
Barabasi-Albert,0.29,1,200,8,3,1.0305559849538826,0.985,46
Barabasi-Albert,0.3,1,200,8,3,1.0305559849538826,0.985,46
Barabasi-Albert,0.31,1,200,8,3,1.0305559849538826,0.985,46
Barabasi-Albert,0.32,1,200,8,3,1.0305559849538826,0.985,45
Barabasi-Albert,0.33,1,200,8,3,1.0305559849538826,0.985,45
Barabasi-Albert,0.34,1,200,8,3,1.0305559849538826,0.985,45
Barabasi-Albert,0.35,1,200,8,3,1.0305559849538826,0.985,44
Barabasi-Albert,0.17,2,200,8,13,2.2823234052265207,0.57,204
Barabasi-Albert,0.18,2,200,8,8,1.1190063223857214,0.945,132
Barabasi-Albert,0.19,2,200,8,6,1.0957703265395573,0.955,142
Barabasi-Albert,0.2,2,200,8,6,1.084481075805227,0.96,103
Barabasi-Albert,0.21,2,200,8,6,1.084481075805227,0.96,89
Barabasi-Albert,0.22,2,200,8,6,1.0957703265395573,0.955,68
Barabasi-Albert,0.23,2,200,8,6,1.0735373054213633,0.965,58
Barabasi-Albert,0.24,2,200,8,5,1.051745898190997,0.975,56
Barabasi-Albert,0.25,2,200,8,6,1.06258633513973,0.97,54
Barabasi-Albert,0.26,2,200,8,6,1.06258633513973,0.97,53
Barabasi-Albert,0.27,2,200,8,5,1.051745898190997,0.975,52
Barabasi-Albert,0.28,2,200,8,5,1.051745898190997,0.975,52
Barabasi-Albert,0.29,2,200,8,5,1.051745898190997,0.975,51
Barabasi-Albert,0.3,2,200,8,5,1.0411244143675167,0.98,50
Barabasi-Albert,0.31,2,200,8,4,1.0306090899721734,0.985,49
Barabasi-Albert,0.32,2,200,8,5,1.0411244143675167,0.98,49
Barabasi-Albert,0.33,2,200,8,4,1.0306090899721734,0.985,48
Barabasi-Albert,0.34,2,200,8,4,1.0306090899721734,0.985,48
Barabasi-Albert,0.35,2,200,8,3,1.0202520022445543,0.99,48
Barabasi-Albert,0.17,3,200,8,10,1.1076650420912715,0.95,92
Barabasi-Albert,0.18,3,200,8,11,1.1311577399468355,0.94,86
Barabasi-Albert,0.19,3,200,8,11,1.1311577399468355,0.94,63
Barabasi-Albert,0.2,3,200,8,9,1.0848340203948794,0.96,63
Barabasi-Albert,0.21,3,200,8,10,1.119256813475852,0.945,58
Barabasi-Albert,0.22,3,200,8,8,1.0736525660296328,0.965,57
Barabasi-Albert,0.23,3,200,8,7,1.0626427926252588,0.97,58
Barabasi-Albert,0.24,3,200,8,7,1.0626427926252588,0.97,55
Barabasi-Albert,0.25,3,200,8,6,1.051801209571391,0.975,55
Barabasi-Albert,0.26,3,200,8,6,1.051801209571391,0.975,54
Barabasi-Albert,0.27,3,200,8,4,1.0306090899721736,0.985,53
Barabasi-Albert,0.28,3,200,8,3,1.0202520022445543,0.99,52
Barabasi-Albert,0.29,3,200,8,3,1.0202520022445543,0.99,49
Barabasi-Albert,0.3,3,200,8,3,1.0202520022445543,0.99,48
Barabasi-Albert,0.31,3,200,8,3,1.0202520022445543,0.99,48
Barabasi-Albert,0.32,3,200,8,3,1.0202520022445543,0.99,48
Barabasi-Albert,0.33,3,200,8,3,1.0202520022445543,0.99,47
Barabasi-Albert,0.34,3,200,8,3,1.0202520022445543,0.99,47
Barabasi-Albert,0.35,3,200,8,3,1.0202520022445543,0.99,45
Barabasi-Albert,0.17,4,200,8,13,1.9391118867558665,0.69,315
Barabasi-Albert,0.18,4,200,8,11,1.2461059190031152,0.895,69
Barabasi-Albert,0.19,4,200,8,10,1.1928903733746867,0.915,73
Barabasi-Albert,0.2,4,200,8,10,1.180080245456691,0.92,62
Barabasi-Albert,0.21,4,200,8,8,1.1307740148131395,0.94,66
Barabasi-Albert,0.22,4,200,8,8,1.1307740148131395,0.94,56
Barabasi-Albert,0.23,4,200,8,7,1.118881118881119,0.945,54
Barabasi-Albert,0.24,4,200,8,8,1.1307740148131395,0.94,50
Barabasi-Albert,0.25,4,200,8,9,1.130965844831486,0.94,50
Barabasi-Albert,0.26,4,200,8,7,1.0959504630390706,0.955,48
Barabasi-Albert,0.27,4,200,8,6,1.0734796843969727,0.965,48
Barabasi-Albert,0.28,4,200,8,6,1.0734796843969727,0.965,48
Barabasi-Albert,0.29,4,200,8,5,1.062473438164046,0.97,48
Barabasi-Albert,0.3,4,200,8,5,1.062473438164046,0.97,48
Barabasi-Albert,0.31,4,200,8,5,1.062473438164046,0.97,47
Barabasi-Albert,0.32,4,200,8,5,1.051745898190997,0.975,45
Barabasi-Albert,0.33,4,200,8,5,1.051745898190997,0.975,45
Barabasi-Albert,0.34,4,200,8,3,1.0305559849538826,0.985,45
Barabasi-Albert,0.35,4,200,8,3,1.0305559849538826,0.985,45
Barabasi-Albert,0.17,5,200,8,11,1.1926058437686342,0.915,197
Barabasi-Albert,0.18,5,200,8,11,1.1798017932987257,0.92,156
Barabasi-Albert,0.19,5,200,8,10,1.1671335200746962,0.925,67
Barabasi-Albert,0.2,5,200,8,11,1.1798017932987255,0.92,64
Barabasi-Albert,0.21,5,200,8,11,1.1798017932987255,0.92,60
Barabasi-Albert,0.22,5,200,8,11,1.1798017932987255,0.92,60
Barabasi-Albert,0.23,5,200,8,9,1.1546677443565612,0.93,53
Barabasi-Albert,0.24,5,200,8,9,1.1546677443565612,0.93,52
Barabasi-Albert,0.25,5,200,8,9,1.119194180190263,0.945,53
Barabasi-Albert,0.26,5,200,8,9,1.1076036993963558,0.95,52
Barabasi-Albert,0.27,5,200,8,8,1.0847751803438739,0.96,54
Barabasi-Albert,0.28,5,200,8,8,1.0847751803438739,0.96,53
Barabasi-Albert,0.29,5,200,8,7,1.0735949326319179,0.965,53
Barabasi-Albert,0.3,5,200,8,7,1.0735949326319179,0.965,52
Barabasi-Albert,0.31,5,200,8,7,1.0735949326319179,0.965,52
Barabasi-Albert,0.32,5,200,8,7,1.0735949326319179,0.965,51
Barabasi-Albert,0.33,5,200,8,7,1.0735949326319179,0.965,51
Barabasi-Albert,0.34,5,200,8,7,1.0626427926252588,0.97,50
Barabasi-Albert,0.35,5,200,8,5,1.041124414367517,0.98,50
Barabasi-Albert,0.17,6,200,8,22,2.3892008123282764,0.625,485
Barabasi-Albert,0.18,6,200,8,16,2.033760423022168,0.66,1500
Barabasi-Albert,0.19,6,200,8,14,1.9634792852935394,0.695,397
Barabasi-Albert,0.2,6,200,8,16,1.959247648902821,0.685,1045
Barabasi-Albert,0.21,6,200,8,13,1.8052170773535512,0.715,1105
Barabasi-Albert,0.22,6,200,8,13,1.7660044150110368,0.725,289
Barabasi-Albert,0.23,6,200,8,13,1.2194378391561485,0.905,71
Barabasi-Albert,0.24,6,200,8,12,1.180428495543882,0.92,63
Barabasi-Albert,0.25,6,200,8,11,1.1553347582462015,0.93,59
Barabasi-Albert,0.26,6,200,8,11,1.1431837667905111,0.935,58
Barabasi-Albert,0.27,6,200,8,10,1.1310937676733401,0.94,55
Barabasi-Albert,0.28,6,200,8,9,1.130901894260673,0.94,56
Barabasi-Albert,0.29,6,200,8,9,1.0961306587745259,0.955,52
Barabasi-Albert,0.3,6,200,8,8,1.0847751803438737,0.96,51
Barabasi-Albert,0.31,6,200,8,8,1.0847751803438737,0.96,51
Barabasi-Albert,0.32,6,200,8,8,1.0847751803438737,0.96,51
Barabasi-Albert,0.33,6,200,8,6,1.06258633513973,0.97,51
Barabasi-Albert,0.34,6,200,8,6,1.06258633513973,0.97,51
Barabasi-Albert,0.35,6,200,8,6,1.06258633513973,0.97,51
Barabasi-Albert,0.17,7,200,8,10,1.1076650420912715,0.95,223
Barabasi-Albert,0.18,7,200,8,10,1.1076650420912715,0.95,232
Barabasi-Albert,0.19,7,200,8,10,1.1076650420912715,0.95,120
Barabasi-Albert,0.2,7,200,8,7,1.0735949326319179,0.965,116
Barabasi-Albert,0.21,7,200,8,6,1.06258633513973,0.97,67
Barabasi-Albert,0.22,7,200,8,5,1.051745898190997,0.975,68
Barabasi-Albert,0.23,7,200,8,4,1.0410702201863515,0.98,63
Barabasi-Albert,0.24,7,200,8,5,1.051745898190997,0.975,59
Barabasi-Albert,0.25,7,200,8,6,1.06258633513973,0.97,52
Barabasi-Albert,0.26,7,200,8,5,1.0411244143675167,0.98,52
Barabasi-Albert,0.27,7,200,8,4,1.0306090899721734,0.985,50
Barabasi-Albert,0.28,7,200,8,4,1.0306090899721734,0.985,50
Barabasi-Albert,0.29,7,200,8,4,1.0306090899721734,0.985,48
Barabasi-Albert,0.3,7,200,8,2,1.010049997474875,0.995,48
Barabasi-Albert,0.31,7,200,8,2,1.010049997474875,0.995,47
Barabasi-Albert,0.32,7,200,8,2,1.010049997474875,0.995,46
Barabasi-Albert,0.33,7,200,8,2,1.010049997474875,0.995,47
Barabasi-Albert,0.34,7,200,8,2,1.010049997474875,0.995,46
Barabasi-Albert,0.35,7,200,8,1,1.0,1.0,45
Barabasi-Albert,0.17,8,200,8,12,2.100840336134454,0.6,364
Barabasi-Albert,0.18,8,200,8,8,1.9926272790674509,0.61,660
Barabasi-Albert,0.19,8,200,8,7,1.9586720203701884,0.62,618
Barabasi-Albert,0.2,8,200,8,7,1.9586720203701884,0.62,570
Barabasi-Albert,0.21,8,200,8,8,1.9615535504119266,0.625,299
Barabasi-Albert,0.22,8,200,8,6,1.9351717464925007,0.625,359
Barabasi-Albert,0.23,8,200,8,5,1.9219680953296172,0.625,345
Barabasi-Albert,0.24,8,200,8,4,1.0306090899721734,0.985,160
Barabasi-Albert,0.25,8,200,8,4,1.0306090899721734,0.985,118
Barabasi-Albert,0.26,8,200,8,4,1.0306090899721734,0.985,151
Barabasi-Albert,0.27,8,200,8,4,1.0306090899721734,0.985,137
Barabasi-Albert,0.28,8,200,8,4,1.0306090899721734,0.985,76
Barabasi-Albert,0.29,8,200,8,4,1.0306090899721734,0.985,67
Barabasi-Albert,0.3,8,200,8,4,1.0306090899721734,0.985,59
Barabasi-Albert,0.31,8,200,8,4,1.0306090899721734,0.985,56
Barabasi-Albert,0.32,8,200,8,4,1.0306090899721734,0.985,56
Barabasi-Albert,0.33,8,200,8,4,1.0306090899721734,0.985,54
Barabasi-Albert,0.34,8,200,8,4,1.0306090899721734,0.985,52
Barabasi-Albert,0.35,8,200,8,3,1.0202520022445543,0.99,52
Barabasi-Albert,0.17,9,200,8,19,1.959823615874571,0.685,380
Barabasi-Albert,0.18,9,200,8,14,2.2313957380341405,0.57,604
Barabasi-Albert,0.19,9,200,8,10,2.185314685314685,0.545,327
Barabasi-Albert,0.2,9,200,8,8,1.1073583965450418,0.95,128
Barabasi-Albert,0.21,9,200,8,6,1.084481075805227,0.96,70
Barabasi-Albert,0.22,9,200,8,6,1.0734796843969725,0.965,71
Barabasi-Albert,0.23,9,200,8,6,1.0734796843969725,0.965,71
Barabasi-Albert,0.24,9,200,8,7,1.084657519388253,0.96,59
Barabasi-Albert,0.25,9,200,8,6,1.06258633513973,0.97,56
Barabasi-Albert,0.26,9,200,8,6,1.06258633513973,0.97,55
Barabasi-Albert,0.27,9,200,8,6,1.06258633513973,0.97,54
Barabasi-Albert,0.28,9,200,8,6,1.0518012095713907,0.975,52
Barabasi-Albert,0.29,9,200,8,6,1.0518012095713907,0.975,51
Barabasi-Albert,0.3,9,200,8,6,1.0518012095713907,0.975,50
Barabasi-Albert,0.31,9,200,8,6,1.06258633513973,0.97,49
Barabasi-Albert,0.32,9,200,8,6,1.06258633513973,0.97,48
Barabasi-Albert,0.33,9,200,8,6,1.06258633513973,0.97,48
Barabasi-Albert,0.34,9,200,8,5,1.051745898190997,0.975,46
Barabasi-Albert,0.35,9,200,8,4,1.0306090899721734,0.985,46
Barabasi-Albert,0.17,10,200,8,11,1.1678150181011324,0.925,292
Barabasi-Albert,0.18,10,200,8,11,1.1678150181011324,0.925,93
Barabasi-Albert,0.19,10,200,8,10,1.143118427069044,0.935,86
Barabasi-Albert,0.2,10,200,8,10,1.1193194537721063,0.945,96
Barabasi-Albert,0.21,10,200,8,10,1.1076650420912715,0.95,69
Barabasi-Albert,0.22,10,200,8,10,1.1076650420912715,0.95,62
Barabasi-Albert,0.23,10,200,8,9,1.0961306587745259,0.955,59
Barabasi-Albert,0.24,10,200,8,9,1.0848340203948794,0.96,58
Barabasi-Albert,0.25,10,200,8,8,1.0736525660296328,0.965,54
Barabasi-Albert,0.26,10,200,8,7,1.062642792625259,0.97,52
Barabasi-Albert,0.27,10,200,8,7,1.062642792625259,0.97,51
Barabasi-Albert,0.28,10,200,8,7,1.062642792625259,0.97,50
Barabasi-Albert,0.29,10,200,8,7,1.062642792625259,0.97,49
Barabasi-Albert,0.3,10,200,8,6,1.051801209571391,0.975,49
Barabasi-Albert,0.31,10,200,8,4,1.0306090899721736,0.985,48
Barabasi-Albert,0.32,10,200,8,3,1.0202520022445545,0.99,48
Barabasi-Albert,0.33,10,200,8,3,1.0202520022445545,0.99,48
Barabasi-Albert,0.34,10,200,8,3,1.0202520022445545,0.99,48
Barabasi-Albert,0.35,10,200,8,2,1.010049997474875,0.995,48
Barabasi-Albert,0.17,11,200,8,11,1.1554682535097345,0.93,82
Barabasi-Albert,0.18,11,200,8,11,1.1804284955438822,0.92,75
Barabasi-Albert,0.19,11,200,8,8,1.119194180190263,0.945,66
Barabasi-Albert,0.2,11,200,8,8,1.0960705869457994,0.955,62
Barabasi-Albert,0.21,11,200,8,8,1.1075423634954036,0.95,60
Barabasi-Albert,0.22,11,200,8,7,1.096010521701008,0.955,59
Barabasi-Albert,0.23,11,200,8,7,1.096010521701008,0.955,58
Barabasi-Albert,0.24,11,200,8,7,1.096010521701008,0.955,54
Barabasi-Albert,0.25,11,200,8,8,1.1075423634954036,0.95,53
Barabasi-Albert,0.26,11,200,8,6,1.084657519388253,0.96,53
Barabasi-Albert,0.27,11,200,8,7,1.096010521701008,0.955,49
Barabasi-Albert,0.28,11,200,8,7,1.096010521701008,0.955,49
Barabasi-Albert,0.29,11,200,8,6,1.0735373054213633,0.965,48
Barabasi-Albert,0.3,11,200,8,6,1.0735373054213633,0.965,48
Barabasi-Albert,0.31,11,200,8,6,1.0735373054213633,0.965,47
Barabasi-Albert,0.32,11,200,8,4,1.051690592627649,0.975,47
Barabasi-Albert,0.33,11,200,8,2,1.010049997474875,0.995,47
Barabasi-Albert,0.34,11,200,8,2,1.010049997474875,0.995,46
Barabasi-Albert,0.35,11,200,8,2,1.010049997474875,0.995,46
Barabasi-Albert,0.17,12,200,8,7,2.106593638087213,0.53,236
Barabasi-Albert,0.18,12,200,8,4,1.0306090899721736,0.985,223
Barabasi-Albert,0.19,12,200,8,6,2.1003990758244067,0.505,234
Barabasi-Albert,0.2,12,200,8,5,2.037905033625433,0.545,137
Barabasi-Albert,0.21,12,200,8,4,1.0306090899721736,0.985,93
Barabasi-Albert,0.22,12,200,8,3,1.0202520022445545,0.99,90
Barabasi-Albert,0.23,12,200,8,3,1.0202520022445545,0.99,61
Barabasi-Albert,0.24,12,200,8,3,1.0202520022445545,0.99,58
Barabasi-Albert,0.25,12,200,8,3,1.0202520022445545,0.99,51
Barabasi-Albert,0.26,12,200,8,3,1.0202520022445545,0.99,52
Barabasi-Albert,0.27,12,200,8,3,1.0202520022445545,0.99,49
Barabasi-Albert,0.28,12,200,8,3,1.0202520022445545,0.99,49
Barabasi-Albert,0.29,12,200,8,3,1.0202520022445545,0.99,48
Barabasi-Albert,0.3,12,200,8,2,1.010049997474875,0.995,48
Barabasi-Albert,0.31,12,200,8,2,1.010049997474875,0.995,47
Barabasi-Albert,0.32,12,200,8,2,1.010049997474875,0.995,47
Barabasi-Albert,0.33,12,200,8,2,1.010049997474875,0.995,47
Barabasi-Albert,0.34,12,200,8,2,1.010049997474875,0.995,47
Barabasi-Albert,0.35,12,200,8,2,1.010049997474875,0.995,46
Barabasi-Albert,0.17,13,200,8,12,1.9195700163163447,0.665,314
Barabasi-Albert,0.18,13,200,8,8,1.852023335494027,0.675,315
Barabasi-Albert,0.19,13,200,8,10,1.8577001671930147,0.68,185
Barabasi-Albert,0.2,13,200,8,9,1.8482580168191474,0.68,201
Barabasi-Albert,0.21,13,200,8,9,1.7925965761405394,0.7,233
Barabasi-Albert,0.22,13,200,8,8,1.0736525660296328,0.965,140
Barabasi-Albert,0.23,13,200,8,7,1.062642792625259,0.97,103
Barabasi-Albert,0.24,13,200,8,6,1.0518012095713911,0.975,66
Barabasi-Albert,0.25,13,200,8,6,1.0625863351397302,0.97,58
Barabasi-Albert,0.26,13,200,8,6,1.0518012095713911,0.975,58
Barabasi-Albert,0.27,13,200,8,5,1.051745898190997,0.975,57
Barabasi-Albert,0.28,13,200,8,4,1.0410702201863518,0.98,53
Barabasi-Albert,0.29,13,200,8,4,1.0410702201863518,0.98,52
Barabasi-Albert,0.3,13,200,8,4,1.0410702201863518,0.98,51
Barabasi-Albert,0.31,13,200,8,4,1.0410702201863518,0.98,51
Barabasi-Albert,0.32,13,200,8,4,1.0410702201863518,0.98,50
Barabasi-Albert,0.33,13,200,8,4,1.0410702201863518,0.98,49
Barabasi-Albert,0.34,13,200,8,4,1.0410702201863518,0.98,49
Barabasi-Albert,0.35,13,200,8,4,1.0410702201863518,0.98,49
Barabasi-Albert,0.17,14,200,8,14,1.2886597938144329,0.88,101
Barabasi-Albert,0.18,14,200,8,12,1.4071624569056498,0.84,145
Barabasi-Albert,0.19,14,200,8,13,1.3935340022296543,0.845,131
Barabasi-Albert,0.2,14,200,8,11,1.2189918937039066,0.905,66
Barabasi-Albert,0.21,14,200,8,11,1.2189918937039066,0.905,65
Barabasi-Albert,0.22,14,200,8,10,1.1926769634444507,0.915,57
Barabasi-Albert,0.23,14,200,8,10,1.1926769634444507,0.915,54
Barabasi-Albert,0.24,14,200,8,10,1.1926769634444507,0.915,54
Barabasi-Albert,0.25,14,200,8,10,1.1552680221811458,0.93,53
Barabasi-Albert,0.26,14,200,8,8,1.130901894260673,0.94,53
Barabasi-Albert,0.27,14,200,8,8,1.107481034387286,0.95,51
Barabasi-Albert,0.28,14,200,8,7,1.0959504630390706,0.955,51
Barabasi-Albert,0.29,14,200,8,5,1.07342206955775,0.965,50
Barabasi-Albert,0.3,14,200,8,4,1.0516352928804291,0.975,50
Barabasi-Albert,0.31,14,200,8,4,1.0516352928804291,0.975,49
Barabasi-Albert,0.32,14,200,8,4,1.0410702201863515,0.98,48
Barabasi-Albert,0.33,14,200,8,3,1.0202520022445543,0.99,49
Barabasi-Albert,0.34,14,200,8,3,1.0202520022445543,0.99,49
Barabasi-Albert,0.35,14,200,8,3,1.0202520022445543,0.99,48
Barabasi-Albert,0.17,15,200,8,11,2.2517451024544024,0.5,142
Barabasi-Albert,0.18,15,200,8,10,1.13109376767334,0.94,343
Barabasi-Albert,0.19,15,200,8,8,1.0960105217010083,0.955,324
Barabasi-Albert,0.2,15,200,8,9,1.1075423634954036,0.95,248
Barabasi-Albert,0.21,15,200,8,8,1.0960105217010083,0.955,70
Barabasi-Albert,0.22,15,200,8,7,1.084657519388253,0.96,60
Barabasi-Albert,0.23,15,200,8,6,1.051801209571391,0.975,56
Barabasi-Albert,0.24,15,200,8,6,1.051801209571391,0.975,54
Barabasi-Albert,0.25,15,200,8,6,1.0518012095713911,0.975,54
Barabasi-Albert,0.26,15,200,8,6,1.0518012095713911,0.975,53
Barabasi-Albert,0.27,15,200,8,5,1.041124414367517,0.98,52
Barabasi-Albert,0.28,15,200,8,5,1.041124414367517,0.98,52
Barabasi-Albert,0.29,15,200,8,4,1.0306090899721736,0.985,50
Barabasi-Albert,0.3,15,200,8,4,1.0306090899721736,0.985,50
Barabasi-Albert,0.31,15,200,8,3,1.0202520022445545,0.99,50
Barabasi-Albert,0.32,15,200,8,3,1.0202520022445545,0.99,49
Barabasi-Albert,0.33,15,200,8,3,1.0202520022445545,0.99,49
Barabasi-Albert,0.34,15,200,8,3,1.0202520022445545,0.99,49
Barabasi-Albert,0.35,15,200,8,3,1.0202520022445545,0.99,49
Barabasi-Albert,0.17,16,200,8,15,2.3201856148491884,0.575,188
Barabasi-Albert,0.18,16,200,8,13,2.188183807439825,0.6,140
Barabasi-Albert,0.19,16,200,8,13,2.1602937999567944,0.605,156
Barabasi-Albert,0.2,16,200,8,12,1.180567853137359,0.92,68
Barabasi-Albert,0.21,16,200,8,11,1.1554682535097347,0.93,62
Barabasi-Albert,0.22,16,200,8,11,1.1554682535097347,0.93,57
Barabasi-Albert,0.23,16,200,8,11,1.1432491139819363,0.935,58
Barabasi-Albert,0.24,16,200,8,7,1.0847163466753444,0.96,53
Barabasi-Albert,0.25,16,200,8,6,1.0735373054213635,0.965,52
Barabasi-Albert,0.26,16,200,8,6,1.0735373054213635,0.965,52
Barabasi-Albert,0.27,16,200,8,6,1.06258633513973,0.97,51
Barabasi-Albert,0.28,16,200,8,6,1.06258633513973,0.97,50
Barabasi-Albert,0.29,16,200,8,6,1.06258633513973,0.97,49
Barabasi-Albert,0.3,16,200,8,6,1.051801209571391,0.975,49
Barabasi-Albert,0.31,16,200,8,6,1.051801209571391,0.975,48
Barabasi-Albert,0.32,16,200,8,6,1.051801209571391,0.975,48
Barabasi-Albert,0.33,16,200,8,6,1.051801209571391,0.975,48
Barabasi-Albert,0.34,16,200,8,5,1.041124414367517,0.98,48
Barabasi-Albert,0.35,16,200,8,4,1.0306090899721734,0.985,47
Barabasi-Albert,0.17,17,200,8,13,2.448579823702253,0.48,117
Barabasi-Albert,0.18,17,200,8,11,2.3212627669452184,0.495,218
Barabasi-Albert,0.19,17,200,8,7,1.0735949326319179,0.965,419
Barabasi-Albert,0.2,17,200,8,7,1.0735949326319179,0.965,289
Barabasi-Albert,0.21,17,200,8,6,1.06258633513973,0.97,269
Barabasi-Albert,0.22,17,200,8,7,1.0959504630390706,0.955,224
Barabasi-Albert,0.23,17,200,8,7,1.0959504630390706,0.955,72
Barabasi-Albert,0.24,17,200,8,5,1.07342206955775,0.965,62
Barabasi-Albert,0.25,17,200,8,3,1.0409618487482435,0.98,59
Barabasi-Albert,0.26,17,200,8,4,1.0516352928804291,0.975,62
Barabasi-Albert,0.27,17,200,8,4,1.0516352928804291,0.975,54
Barabasi-Albert,0.28,17,200,8,3,1.0409618487482435,0.98,51
Barabasi-Albert,0.29,17,200,8,3,1.0409618487482435,0.98,50
Barabasi-Albert,0.3,17,200,8,2,1.010049997474875,0.995,48
Barabasi-Albert,0.31,17,200,8,2,1.010049997474875,0.995,48
Barabasi-Albert,0.32,17,200,8,2,1.010049997474875,0.995,48
Barabasi-Albert,0.33,17,200,8,2,1.010049997474875,0.995,47
Barabasi-Albert,0.34,17,200,8,1,1.0,1.0,47
Barabasi-Albert,0.35,17,200,8,2,1.010049997474875,0.995,45
Barabasi-Albert,0.17,18,200,8,14,2.1512315800795956,0.645,167
Barabasi-Albert,0.18,18,200,8,11,1.1925347325740858,0.915,101
Barabasi-Albert,0.19,18,200,8,10,1.1796626164916832,0.92,100
Barabasi-Albert,0.2,18,200,8,9,1.1920371915603765,0.915,65
Barabasi-Albert,0.21,18,200,8,8,1.1791757561464535,0.92,62
Barabasi-Albert,0.22,18,200,8,9,1.1920371915603765,0.915,58
Barabasi-Albert,0.23,18,200,8,11,1.1798017932987257,0.92,57
Barabasi-Albert,0.24,18,200,8,11,1.1798017932987257,0.92,56
Barabasi-Albert,0.25,18,200,8,11,1.1672016340822875,0.925,54
Barabasi-Albert,0.26,18,200,8,8,1.1303905499350027,0.94,53
Barabasi-Albert,0.27,18,200,8,7,1.1185056764163077,0.945,51
Barabasi-Albert,0.28,18,200,8,6,1.0955902492467817,0.955,51
Barabasi-Albert,0.29,18,200,8,6,1.0955902492467817,0.955,51
Barabasi-Albert,0.3,18,200,8,6,1.0955902492467817,0.955,50
Barabasi-Albert,0.31,18,200,8,5,1.0733068584308254,0.965,49
Barabasi-Albert,0.32,18,200,8,5,1.0733068584308254,0.965,49
Barabasi-Albert,0.33,18,200,8,4,1.0623041376746163,0.97,48
Barabasi-Albert,0.34,18,200,8,4,1.0623041376746163,0.97,48
Barabasi-Albert,0.35,18,200,8,4,1.0410702201863515,0.98,48
Barabasi-Albert,0.17,19,200,8,8,1.0960105217010083,0.955,290
Barabasi-Albert,0.18,19,200,8,9,1.1075423634954036,0.95,123
Barabasi-Albert,0.19,19,200,8,9,1.119194180190263,0.945,81
Barabasi-Albert,0.2,19,200,8,9,1.0848340203948794,0.96,66
Barabasi-Albert,0.21,19,200,8,8,1.0736525660296328,0.965,61
Barabasi-Albert,0.22,19,200,8,8,1.0736525660296328,0.965,60
Barabasi-Albert,0.23,19,200,8,8,1.0736525660296328,0.965,56
Barabasi-Albert,0.24,19,200,8,6,1.051801209571391,0.975,54
Barabasi-Albert,0.25,19,200,8,6,1.051801209571391,0.975,55
Barabasi-Albert,0.26,19,200,8,6,1.051801209571391,0.975,53
Barabasi-Albert,0.27,19,200,8,5,1.041124414367517,0.98,51
Barabasi-Albert,0.28,19,200,8,3,1.0202520022445543,0.99,52
Barabasi-Albert,0.29,19,200,8,2,1.010049997474875,0.995,51
Barabasi-Albert,0.3,19,200,8,2,1.010049997474875,0.995,50
Barabasi-Albert,0.31,19,200,8,2,1.010049997474875,0.995,49
Barabasi-Albert,0.32,19,200,8,2,1.010049997474875,0.995,49
Barabasi-Albert,0.33,19,200,8,2,1.010049997474875,0.995,49
Barabasi-Albert,0.34,19,200,8,1,1.0,1.0,50
Barabasi-Albert,0.35,19,200,8,1,1.0,1.0,49
Barabasi-Albert,0.17,20,200,8,11,2.172496198131654,0.565,198
Barabasi-Albert,0.18,20,200,8,10,2.1292451825827747,0.57,175
Barabasi-Albert,0.19,20,200,8,8,1.0960705869457992,0.955,107
Barabasi-Albert,0.2,20,200,8,7,1.0847163466753444,0.96,93
Barabasi-Albert,0.21,20,200,8,8,1.0960705869457992,0.955,67
Barabasi-Albert,0.22,20,200,8,9,1.0961306587745259,0.955,58
Barabasi-Albert,0.23,20,200,8,7,1.062642792625259,0.97,60
Barabasi-Albert,0.24,20,200,8,7,1.062642792625259,0.97,51
Barabasi-Albert,0.25,20,200,8,7,1.062642792625259,0.97,53
Barabasi-Albert,0.26,20,200,8,5,1.041124414367517,0.98,52
Barabasi-Albert,0.27,20,200,8,6,1.0518012095713911,0.975,51
Barabasi-Albert,0.28,20,200,8,5,1.041124414367517,0.98,49
Barabasi-Albert,0.29,20,200,8,5,1.041124414367517,0.98,47
Barabasi-Albert,0.3,20,200,8,5,1.041124414367517,0.98,48
Barabasi-Albert,0.31,20,200,8,3,1.0202520022445543,0.99,47
Barabasi-Albert,0.32,20,200,8,2,1.010049997474875,0.995,46
Barabasi-Albert,0.33,20,200,8,1,1.0,1.0,46
Barabasi-Albert,0.34,20,200,8,1,1.0,1.0,45
Barabasi-Albert,0.35,20,200,8,2,1.010049997474875,0.995,44
Barabasi-Albert,0.17,21,200,8,8,2.1026072329688814,0.535,308
Barabasi-Albert,0.18,21,200,8,6,2.056132414927521,0.545,279
Barabasi-Albert,0.19,21,200,8,4,2.0004000800160036,0.565,107
Barabasi-Albert,0.2,21,200,8,5,2.0491803278688523,0.53,121
Barabasi-Albert,0.21,21,200,8,6,1.051801209571391,0.975,287
Barabasi-Albert,0.22,21,200,8,6,1.051801209571391,0.975,73
Barabasi-Albert,0.23,21,200,8,5,1.0411244143675167,0.98,57
Barabasi-Albert,0.24,21,200,8,4,1.0306090899721734,0.985,53
Barabasi-Albert,0.25,21,200,8,4,1.0306090899721734,0.985,51
Barabasi-Albert,0.26,21,200,8,4,1.0306090899721734,0.985,49
Barabasi-Albert,0.27,21,200,8,4,1.0306090899721734,0.985,48
Barabasi-Albert,0.28,21,200,8,3,1.0202520022445543,0.99,47
Barabasi-Albert,0.29,21,200,8,3,1.0202520022445543,0.99,47
Barabasi-Albert,0.3,21,200,8,3,1.0202520022445543,0.99,46
Barabasi-Albert,0.31,21,200,8,3,1.0202520022445543,0.99,46
Barabasi-Albert,0.32,21,200,8,3,1.0202520022445543,0.99,46
Barabasi-Albert,0.33,21,200,8,3,1.0202520022445543,0.99,45
Barabasi-Albert,0.34,21,200,8,3,1.0202520022445543,0.99,46
Barabasi-Albert,0.35,21,200,8,2,1.010049997474875,0.995,45
Barabasi-Albert,0.17,22,200,8,15,2.2993791676247413,0.52,175
Barabasi-Albert,0.18,22,200,8,14,2.2624434389140275,0.515,176
Barabasi-Albert,0.19,22,200,8,11,2.178411937697419,0.515,188
Barabasi-Albert,0.2,22,200,8,12,2.190580503833516,0.525,244
Barabasi-Albert,0.21,22,200,8,11,2.1990104452996153,0.515,167
Barabasi-Albert,0.22,22,200,8,9,2.1299254526091587,0.545,166
Barabasi-Albert,0.23,22,200,8,8,1.0847751803438737,0.96,168
Barabasi-Albert,0.24,22,200,8,8,1.0736525660296328,0.965,138
Barabasi-Albert,0.25,22,200,8,8,1.0736525660296328,0.965,95
Barabasi-Albert,0.26,22,200,8,8,1.0736525660296328,0.965,65
Barabasi-Albert,0.27,22,200,8,6,1.051801209571391,0.975,60
Barabasi-Albert,0.28,22,200,8,7,1.0626427926252588,0.97,56
Barabasi-Albert,0.29,22,200,8,7,1.0626427926252588,0.97,55
Barabasi-Albert,0.3,22,200,8,6,1.0518012095713907,0.975,53
Barabasi-Albert,0.31,22,200,8,6,1.0518012095713907,0.975,53
Barabasi-Albert,0.32,22,200,8,5,1.0411244143675167,0.98,51
Barabasi-Albert,0.33,22,200,8,5,1.0411244143675167,0.98,50
Barabasi-Albert,0.34,22,200,8,3,1.0202520022445543,0.99,48
Barabasi-Albert,0.35,22,200,8,3,1.0202520022445543,0.99,47
Barabasi-Albert,0.17,23,200,8,12,2.297794117647059,0.535,188
Barabasi-Albert,0.18,23,200,8,10,2.1713169037020954,0.555,188
Barabasi-Albert,0.19,23,200,8,9,2.160293799956794,0.55,203
Barabasi-Albert,0.2,23,200,8,8,2.11999152003392,0.565,195
Barabasi-Albert,0.21,23,200,8,8,2.1028283040689733,0.565,194
Barabasi-Albert,0.22,23,200,8,7,1.0847163466753444,0.96,75
Barabasi-Albert,0.23,23,200,8,7,1.0847163466753444,0.96,62
Barabasi-Albert,0.24,23,200,8,7,1.0847163466753444,0.96,58
Barabasi-Albert,0.25,23,200,8,6,1.0735373054213635,0.965,56
Barabasi-Albert,0.26,23,200,8,6,1.0735373054213635,0.965,54
Barabasi-Albert,0.27,23,200,8,6,1.0735373054213635,0.965,52
Barabasi-Albert,0.28,23,200,8,6,1.0735373054213635,0.965,51
Barabasi-Albert,0.29,23,200,8,5,1.051745898190997,0.975,50
Barabasi-Albert,0.3,23,200,8,5,1.051745898190997,0.975,49
Barabasi-Albert,0.31,23,200,8,5,1.051745898190997,0.975,48
Barabasi-Albert,0.32,23,200,8,5,1.051745898190997,0.975,47
Barabasi-Albert,0.33,23,200,8,5,1.051745898190997,0.975,47
Barabasi-Albert,0.34,23,200,8,5,1.051745898190997,0.975,46
Barabasi-Albert,0.35,23,200,8,5,1.051745898190997,0.975,46
