model,eps,n_eff,n_eff_sd,largest_frac,p_consensus,steps
Deffuant,0.01,39.89687344893627,1.8349545550781359,0.04625,0.0,4250.0
Deffuant,0.02,20.18147412513215,1.118378616589522,0.08166666666666668,0.0,3110.0
Deffuant,0.03,13.95184418216527,1.0714038026980652,0.10741666666666667,0.0,2526.6666666666665
Deffuant,0.04,10.406877779916789,0.6633668532953064,0.13908333333333334,0.0,2083.3333333333335
Deffuant,0.05,8.400767803144713,0.6505380952447718,0.16566666666666666,0.0,1816.6666666666667
Deffuant,0.06,7.047299245794486,0.5380314295755709,0.18683333333333335,0.0,1913.3333333333333
Deffuant,0.07,6.032665271218479,0.5847447971861517,0.21725,0.0,1506.6666666666667
Deffuant,0.08,5.226124853581067,0.5199196798223774,0.247,0.0,1156.6666666666667
Deffuant,0.09,4.756826179765326,0.49312217167563777,0.2670833333333333,0.0,1330.0
Deffuant,0.1,4.282155113984768,0.579510062099008,0.29875,0.0,913.3333333333334
Deffuant,0.11,3.7043859593024506,0.5241552263019845,0.339,0.0,900.0
Deffuant,0.12,3.3303709051526176,0.43026807166771075,0.3745833333333334,0.0,866.6666666666666
Deffuant,0.13,3.1041725607959956,0.3580463237889091,0.3889166666666667,0.0,880.0
Deffuant,0.14,3.010278901206114,0.3119841952450513,0.39408333333333334,0.0,913.3333333333334
Deffuant,0.15,2.792601488811812,0.3080210858553993,0.4170833333333333,0.0,683.3333333333334
Deffuant,0.16,2.704024449872382,0.37337516402241394,0.43325,0.0,636.6666666666666
Deffuant,0.17,2.5081846713571117,0.4591459164318312,0.4736666666666666,0.0,643.3333333333334
Deffuant,0.18,2.2897500666043444,0.4233087185270546,0.52075,0.0,786.6666666666666
Deffuant,0.19,2.0603058078241423,0.3033878909382082,0.5594166666666667,0.0,673.3333333333334
Deffuant,0.2,2.0229932583542114,0.2408689567414885,0.5630000000000001,0.0,453.3333333333333
Deffuant,0.21,1.9206480643829535,0.19758772193834923,0.5855,0.03333333333333333,400.0
Deffuant,0.22,1.9264278256888443,0.18219256246870236,0.57825,0.03333333333333333,303.3333333333333
Deffuant,0.23,1.9567225406487772,0.04921221689241093,0.5635,0.0,313.3333333333333
Deffuant,0.24,1.9634752967080253,0.047254681281237124,0.5582499999999999,0.0,310.0
Deffuant,0.25,1.8954033958738183,0.2544631766607609,0.5868333333333333,0.06666666666666667,300.0
Deffuant,0.26,1.8174428794273243,0.36384098999676545,0.6188333333333333,0.16666666666666666,326.6666666666667
Deffuant,0.27,1.7863410082844478,0.39278958848477624,0.6326666666666667,0.2,360.0
Deffuant,0.28,1.4640330329365012,0.49654299292630527,0.7804166666666668,0.5333333333333333,420.0
Deffuant,0.29,1.262521887941667,0.43456062779586874,0.879,0.7333333333333333,253.33333333333334
Deffuant,0.3,1.0725028112438468,0.2513623006481322,0.9649166666666668,0.9333333333333333,306.6666666666667
Deffuant,0.31,1.0377085966614343,0.18190084975587306,0.98125,0.9666666666666667,230.0
Deffuant,0.32,1.0042123798670468,0.007998224631503698,0.9979166666666667,1.0,243.33333333333334
Deffuant,0.33,1.00572758795673,0.009441907086762272,0.9971666666666666,1.0,293.3333333333333
Deffuant,0.34,1.0055543856412992,0.008462055035943552,0.99725,1.0,253.33333333333334
Deffuant,0.35,1.00570771251312,0.0061823492703481225,0.9971666666666666,1.0,203.33333333333334
Deffuant,0.36,1.0053759505958313,0.007278200817722124,0.9973333333333334,1.0,260.0
Deffuant,0.37,1.004707348772497,0.007161461819068018,0.9976666666666667,1.0,246.66666666666666
Deffuant,0.38,1.0048689325793692,0.006437848362385451,0.9975833333333334,1.0,210.0
Deffuant,0.39,1.0030179999017135,0.004888188413061688,0.9985,1.0,206.66666666666666
Deffuant,0.4,1.001339166212244,0.003217474148502547,0.9993333333333333,1.0,206.66666666666666
Deffuant,0.41,1.0018416916553299,0.0033612792639826435,0.9990833333333333,1.0,200.0
Deffuant,0.42,1.0018437485293903,0.004285840016618328,0.9990833333333333,1.0,206.66666666666666
Deffuant,0.43,1.001847998830011,0.004883750078243215,0.9990833333333333,1.0,203.33333333333334
Deffuant,0.44,1.001507099910016,0.003273484330534873,0.99925,1.0,200.0
Deffuant,0.45,1.000836674989242,0.002316609096299899,0.9995833333333334,1.0,200.0
Deffuant,0.46,1.0005012499842967,0.0015294569424393807,0.99975,1.0,200.0
Deffuant,0.47,1.0003341666561978,0.001271711970318,0.9998333333333334,1.0,200.0
Deffuant,0.48,1.000167083328099,0.0009151530778280037,0.9999166666666667,1.0,200.0
Deffuant,0.49,1.000167083328099,0.0009151530778280178,0.9999166666666667,1.0,200.0
Deffuant,0.5,1.0,0.0,1.0,1.0,200.0
Hegselmann-Krause,0.01,30.396730429034267,2.1963640987503377,0.059416666666666666,0.0,9.7
Hegselmann-Krause,0.02,16.230879883661416,1.3485333441921539,0.09775,0.0,10.133333333333333
Hegselmann-Krause,0.03,10.838471169960677,0.691974907454843,0.13574999999999998,0.0,10.166666666666666
Hegselmann-Krause,0.04,8.54209317054483,0.8595227893255418,0.16933333333333334,0.0,9.966666666666667
Hegselmann-Krause,0.05,6.838960407759123,0.6993711800672955,0.2045,0.0,9.533333333333333
Hegselmann-Krause,0.06,5.6873659355889865,0.6849130951648524,0.24191666666666667,0.0,9.7
Hegselmann-Krause,0.07,5.106534382594265,0.6835283308616539,0.2569166666666666,0.0,8.6
Hegselmann-Krause,0.08,4.330010902748985,0.4932994385827784,0.29525,0.0,9.766666666666667
Hegselmann-Krause,0.09,3.879009253987504,0.6644524424612326,0.3253333333333333,0.0,10.4
Hegselmann-Krause,0.1,3.4694423269285557,0.5308946718135958,0.3615833333333333,0.0,9.266666666666667
Hegselmann-Krause,0.11,3.1631848103940254,0.48452855273086354,0.3984166666666667,0.0,9.266666666666667
Hegselmann-Krause,0.12,2.7755532909854916,0.43413486230335013,0.4343333333333333,0.0,11.133333333333333
Hegselmann-Krause,0.13,2.7125342593231854,0.3458281782511579,0.43574999999999997,0.0,9.3
Hegselmann-Krause,0.14,2.55903484085419,0.4581050468120771,0.46199999999999997,0.0,8.233333333333333
Hegselmann-Krause,0.15,2.4276233713216118,0.5063675939119452,0.4930833333333334,0.0,8.533333333333333
Hegselmann-Krause,0.16,2.107657850252492,0.4232612489287512,0.5619166666666667,0.0,11.433333333333334
Hegselmann-Krause,0.17,1.9692410743702342,0.2546682645508322,0.5901666666666666,0.0,12.866666666666667
Hegselmann-Krause,0.18,1.9728883992579602,0.23441425091316936,0.58425,0.0,7.766666666666667
Hegselmann-Krause,0.19,1.8949195021213545,0.18848895658333972,0.602,0.03333333333333333,10.966666666666667
Hegselmann-Krause,0.2,1.9397338753990832,0.07181969952301508,0.5728333333333333,0.0,7.433333333333334
Hegselmann-Krause,0.21,1.7648870819044797,0.3917757542941832,0.65025,0.2,13.8
Hegselmann-Krause,0.22,1.7124245737474395,0.4382702849214077,0.6678333333333334,0.26666666666666666,12.866666666666667
Hegselmann-Krause,0.23,1.197176135883359,0.40117948578461754,0.9067500000000001,0.8,30.1
Hegselmann-Krause,0.24,1.132699038165869,0.3441036805259967,0.9361666666666667,0.8666666666666667,18.833333333333332
Hegselmann-Krause,0.25,1.066438952197591,0.2528424698561649,0.9679166666666668,0.9333333333333333,20.0
Hegselmann-Krause,0.26,1.0331322748685225,0.18147294326951402,0.98425,0.9666666666666667,11.066666666666666
Hegselmann-Krause,0.27,1.0,0.0,1.0,1.0,8.833333333333334
Hegselmann-Krause,0.28,1.0,0.0,1.0,1.0,6.7
Hegselmann-Krause,0.29,1.0,0.0,1.0,1.0,6.033333333333333
Hegselmann-Krause,0.3,1.0,0.0,1.0,1.0,5.4
Hegselmann-Krause,0.31,1.0,0.0,1.0,1.0,5.166666666666667
Hegselmann-Krause,0.32,1.0,0.0,1.0,1.0,5.033333333333333
Hegselmann-Krause,0.33,1.0,0.0,1.0,1.0,5.0
Hegselmann-Krause,0.34,1.0,0.0,1.0,1.0,4.966666666666667
Hegselmann-Krause,0.35,1.0,0.0,1.0,1.0,4.733333333333333
Hegselmann-Krause,0.36,1.0,0.0,1.0,1.0,4.2
Hegselmann-Krause,0.37,1.0,0.0,1.0,1.0,4.033333333333333
Hegselmann-Krause,0.38,1.0,0.0,1.0,1.0,4.0
Hegselmann-Krause,0.39,1.0,0.0,1.0,1.0,4.0
Hegselmann-Krause,0.4,1.0,0.0,1.0,1.0,4.0
Hegselmann-Krause,0.41,1.0,0.0,1.0,1.0,4.0
Hegselmann-Krause,0.42,1.0,0.0,1.0,1.0,4.0
Hegselmann-Krause,0.43,1.0,0.0,1.0,1.0,4.0
Hegselmann-Krause,0.44,1.0,0.0,1.0,1.0,4.0
Hegselmann-Krause,0.45,1.0,0.0,1.0,1.0,4.0
Hegselmann-Krause,0.46,1.0,0.0,1.0,1.0,4.0
Hegselmann-Krause,0.47,1.0,0.0,1.0,1.0,4.0
Hegselmann-Krause,0.48,1.0,0.0,1.0,1.0,4.0
Hegselmann-Krause,0.49,1.0,0.0,1.0,1.0,3.933333333333333
Hegselmann-Krause,0.5,1.0,0.0,1.0,1.0,3.533333333333333
